platform,price,time,camera_id
TB,42989,2023-06-01,2
TB,42989,2023-06-09,2
TB,42989,2023-06-17,2
TB,42989,2023-06-25,2
TB,42989,2023-07-01,2
TB,42989,2023-07-09,2
TB,42989,2023-07-17,2
TB,42989,2023-07-25,2
TB,42989,2023-08-01,2
TB,42989,2023-08-09,2
TB,42989,2023-08-17,2
TB,42989,2023-08-25,2
TB,42989,2023-09-01,2
TB,42989,2023-09-09,2
TB,42989,2023-09-17,2
TB,42989,2023-09-25,2
TB,42989,2023-10-01,2
TB,42989,2023-10-09,2
TB,42989,2023-10-17,2
TB,42989,2023-10-25,2
TB,42989,2023-11-01,2
TB,42989,2023-11-09,2
TB,42989,2023-11-17,2
TB,42989,2023-11-25,2
TB,42989,2023-12-01,2
TB,42989,2023-12-09,2
TB,42989,2023-12-17,2
TB,42989,2023-12-25,2
TB,42989,2024-01-01,2
TB,42989,2024-01-09,2
TB,42989,2024-01-17,2
TB,42989,2024-01-25,2
TB,42989,2024-02-01,2
TB,42989,2024-02-09,2
TB,42989,2024-02-17,2
TB,42989,2024-02-25,2
TB,42989,2024-03-01,2
TB,42989,2024-03-09,2
TB,42989,2024-03-17,2
TB,42989,2024-03-25,2
TB,42989,2024-04-01,2
TB,42989,2024-04-09,2
TB,42989,2024-04-17,2
TB,42989,2024-04-25,2
TB,42989,2024-05-01,2
TB,42989,2024-05-09,2
TB,42989,2024-05-17,2
TB,42989,2024-05-25,2
TB,42989,2024-06-01,2
TB,42989,2024-06-09,2
TB,42989,2024-06-17,2
TB,42989,2024-06-25,2
TB,42989,2024-07-01,2
TB,42989,2024-07-09,2
TB,42989,2024-07-17,2
TB,42989,2024-07-25,2
TB,42989,2024-08-01,2
JD,44999,2020-01-06,2
JD,42599,2023-06-01,2
JD,41999,2023-06-09,2
JD,41399,2023-06-17,2
JD,41399,2023-06-25,2
JD,41399,2023-07-01,2
JD,41899,2023-07-09,2
JD,41099,2023-07-17,2
JD,41699,2023-07-25,2
JD,41399,2023-08-01,2
JD,41399,2023-08-09,2
JD,41699,2023-08-17,2
JD,41099,2023-08-25,2
JD,41699,2023-09-01,2
JD,41999,2023-09-09,2
JD,41999,2023-09-17,2
JD,41999,2023-09-25,2
JD,41699,2023-10-01,2
JD,41999,2023-10-09,2
JD,41999,2023-10-17,2
JD,41699,2023-10-25,2
JD,41199,2023-11-01,2
JD,39999,2023-11-09,2
JD,33999,2023-11-17,2
JD,43999,2023-11-25,2
JD,42999,2023-12-01,2
JD,42999,2023-12-09,2
JD,43199,2023-12-17,2
JD,43199,2023-12-25,2
JD,42799,2024-01-01,2
JD,42799,2024-01-09,2
JD,43999,2024-01-17,2
JD,42799,2024-01-25,2
JD,42999,2024-02-01,2
JD,43299,2024-02-09,2
JD,43399,2024-02-17,2
JD,43699,2024-02-25,2
JD,42899,2024-03-01,2
JD,43699,2024-03-09,2
JD,43999,2024-03-17,2
JD,43999,2024-03-25,2
JD,43699,2024-04-01,2
JD,42499,2024-04-09,2
JD,42799,2024-04-17,2
JD,42899,2024-04-25,2
JD,42699,2024-05-01,2
JD,42699,2024-05-09,2
JD,42499,2024-05-17,2
JD,44099,2024-05-25,2
JD,42499,2024-06-01,2
JD,42499,2024-06-09,2
JD,43899,2024-06-17,2
JD,42299,2024-06-25,2
JD,43899,2024-07-01,2
JD,42299,2024-07-09,2
JD,43899,2024-07-17,2
JD,43899,2024-07-25,2
JD,42299,2024-08-01,2
Amazon,47089,2020-03-09,2
Amazon,47089,2020-03-17,2
Amazon,47089,2020-07-25,2
Amazon,47089,2020-08-01,2
Amazon,47089,2020-08-09,2
Amazon,47089,2020-08-17,2
Amazon,47089,2020-08-25,2
Amazon,47089,2020-09-01,2
Amazon,47089,2020-09-09,2
Amazon,47089,2020-09-17,2
Amazon,47089,2020-09-25,2
Amazon,47089,2020-10-01,2
Amazon,47089,2020-10-09,2
Amazon,47089,2020-10-17,2
Amazon,47089,2020-10-25,2
Amazon,47089,2020-11-01,2
Amazon,47089,2020-11-09,2
Amazon,47089,2020-11-17,2
Amazon,47089,2020-11-25,2
Amazon,47089,2020-12-01,2
Amazon,47089,2020-12-09,2
Amazon,47089,2020-12-17,2
Amazon,47089,2020-12-25,2
Amazon,47089,2021-01-01,2
Amazon,47089,2021-01-09,2
Amazon,47089,2021-01-17,2
Amazon,47089,2021-01-25,2
Amazon,47089,2021-02-01,2
Amazon,45388,2021-02-09,2
Amazon,45493,2021-02-17,2
Amazon,45493,2021-02-25,2
Amazon,45493,2021-03-01,2
Amazon,45437,2021-03-09,2
Amazon,45493,2021-03-17,2
Amazon,45493,2021-03-25,2
Amazon,45724,2021-04-01,2
Amazon,45493,2021-04-09,2
Amazon,45493,2021-04-17,2
Amazon,45493,2021-04-25,2
Amazon,45493,2021-05-01,2
Amazon,45486,2021-05-09,2
Amazon,43330,2021-05-17,2
Amazon,39501,2021-05-25,2
Amazon,45493,2021-06-01,2
Amazon,45493,2021-06-09,2
Amazon,45493,2021-06-17,2
Amazon,45493,2021-06-25,2
Amazon,45493,2021-07-01,2
Amazon,45493,2021-07-09,2
Amazon,45493,2021-07-17,2
Amazon,45493,2021-07-25,2
Amazon,44688,2021-08-01,2
Amazon,43778,2021-08-09,2
Amazon,45493,2021-08-17,2
Amazon,45234,2021-08-25,2
Amazon,45493,2021-09-01,2
Amazon,45493,2021-09-09,2
Amazon,45493,2021-09-17,2
Amazon,45493,2021-09-25,2
Amazon,44793,2021-10-01,2
Amazon,44793,2021-10-09,2
Amazon,45493,2021-10-17,2
Amazon,45493,2021-10-25,2
Amazon,45493,2021-11-01,2
Amazon,45493,2021-11-09,2
Amazon,44646,2021-11-17,2
Amazon,43456,2021-11-25,2
Amazon,45493,2021-12-01,2
Amazon,45493,2022-05-09,2
Amazon,45493,2022-05-17,2
Amazon,45493,2022-05-25,2
Amazon,45493,2022-06-01,2
Amazon,45493,2022-06-09,2
Amazon,45493,2022-06-17,2
Amazon,45493,2022-06-25,2
Amazon,45493,2022-07-01,2
Amazon,45493,2022-07-09,2
Amazon,45493,2022-07-17,2
Amazon,45493,2022-07-25,2
Amazon,45493,2022-08-01,2
Amazon,45493,2022-08-09,2
Amazon,45493,2022-08-17,2
Amazon,45493,2022-08-25,2
Amazon,45493,2022-09-01,2
Amazon,45493,2022-09-09,2
Amazon,45493,2022-09-17,2
Amazon,45493,2022-09-25,2
Amazon,45493,2022-10-25,2
Amazon,45493,2022-11-01,2
Amazon,45493,2022-11-09,2
Amazon,45493,2022-11-17,2
Amazon,45493,2022-11-25,2
Amazon,45493,2022-12-01,2
Amazon,45493,2023-01-01,2
Amazon,45493,2023-01-09,2
Amazon,45493,2023-01-17,2
Amazon,45493,2023-01-25,2
Amazon,45493,2023-02-01,2
Amazon,45493,2023-02-09,2
Amazon,45493,2023-02-17,2
Amazon,45493,2023-02-25,2
Amazon,45493,2023-03-01,2
Amazon,45493,2023-03-09,2
Amazon,41993,2023-03-17,2
Amazon,41993,2023-03-25,2
Amazon,45493,2023-04-01,2
Amazon,45493,2023-04-09,2
Amazon,45493,2023-04-17,2
Amazon,45493,2023-04-25,2
Amazon,45493,2023-05-01,2
Amazon,45493,2023-05-09,2
Amazon,45493,2023-05-17,2
Amazon,45493,2023-05-25,2
Amazon,45493,2023-06-01,2
Amazon,45493,2023-06-09,2
Amazon,45493,2023-06-17,2
Amazon,45493,2023-06-25,2
Amazon,45493,2023-07-01,2
Amazon,45493,2023-07-09,2
Amazon,45493,2023-07-17,2
Amazon,45493,2023-07-25,2
Amazon,45493,2023-08-01,2
Amazon,45493,2023-08-09,2
Amazon,45493,2023-08-17,2
Amazon,45493,2023-08-25,2
Amazon,45493,2023-09-01,2
Amazon,45493,2023-09-09,2
Amazon,45493,2023-09-17,2
Amazon,45493,2023-09-25,2
Amazon,45493,2023-10-01,2
Amazon,45493,2023-10-09,2
Amazon,45493,2023-10-17,2
Amazon,45493,2023-10-25,2
Amazon,45493,2023-11-01,2
Amazon,45493,2023-11-09,2
Amazon,45493,2023-11-17,2
Amazon,45493,2023-11-25,2
Amazon,45493,2023-12-01,2
Amazon,45493,2023-12-09,2
Amazon,45493,2023-12-17,2
Amazon,45493,2023-12-25,2
Amazon,45493,2024-01-01,2
Amazon,45493,2024-01-09,2
Amazon,45493,2024-01-17,2
Amazon,45493,2024-01-25,2
Amazon,45493,2024-02-01,2
Amazon,45493,2024-02-09,2
Amazon,45493,2024-02-17,2
Amazon,45493,2024-04-01,2
Amazon,45493,2024-04-09,2
Amazon,45493,2024-04-17,2
Amazon,45493,2024-04-25,2
Amazon,45493,2024-05-01,2
Amazon,45493,2024-05-09,2
Amazon,45493,2024-05-17,2
Amazon,45493,2024-05-25,2
Amazon,45493,2024-06-01,2
Amazon,45493,2024-06-09,2
Amazon,45493,2024-06-17,2
Amazon,45493,2024-06-25,2
Amazon,45493,2024-07-01,2
Amazon,45493,2024-07-09,2
Amazon,45493,2024-07-17,2
JD,26599,2016-09-08,1
JD,17979,2023-06-01,1
JD,17979,2023-06-09,1
JD,17979,2023-06-17,1
JD,17999,2023-06-25,1
JD,17999,2023-07-01,1
JD,17999,2023-07-09,1
JD,17999,2023-07-17,1
JD,17999,2023-07-25,1
JD,17999,2023-08-01,1
JD,17999,2023-08-09,1
JD,17999,2023-08-17,1
JD,17999,2023-08-25,1
JD,17999,2023-09-01,1
JD,17999,2023-09-09,1
JD,15999,2023-09-17,1
JD,15999,2023-09-25,1
JD,15999,2023-10-01,1
JD,15999,2023-10-09,1
JD,15999,2023-10-17,1
JD,15999,2023-10-25,1
JD,15999,2023-11-01,1
JD,15899,2023-11-09,1
JD,15900,2023-11-17,1
JD,15899,2023-11-25,1
JD,17999,2023-12-01,1
JD,17999,2023-12-09,1
JD,16399,2023-12-17,1
JD,16499,2023-12-25,1
JD,16299,2024-01-01,1
JD,16299,2024-01-09,1
JD,16299,2024-01-17,1
JD,16099,2024-01-25,1
JD,16099,2024-02-01,1
JD,15599,2024-02-09,1
JD,15599,2024-02-17,1
JD,15599,2024-02-25,1
JD,15599,2024-03-01,1
JD,15599,2024-03-09,1
JD,15599,2024-03-17,1
JD,15599,2024-03-25,1
JD,15399,2024-04-01,1
JD,15399,2024-04-09,1
JD,15399,2024-04-17,1
JD,15399,2024-04-25,1
JD,15199,2024-05-01,1
JD,15199,2024-05-09,1
JD,15199,2024-05-17,1
JD,15199,2024-05-25,1
JD,14999,2024-06-01,1
JD,14999,2024-06-09,1
JD,14999,2024-06-17,1
JD,14599,2024-06-25,1
JD,14599,2024-07-01,1
JD,14599,2024-07-09,1
JD,14599,2024-07-17,1
JD,14599,2024-07-25,1
JD,14999,2024-08-01,1
TB,16099,2023-10-09,1
TB,16099,2023-10-17,1
TB,16099,2023-10-25,1
TB,16099,2023-11-01,1
TB,16099,2023-11-09,1
TB,16699,2023-11-17,1
TB,16699,2023-11-25,1
TB,16699,2023-12-01,1
TB,16699,2023-12-09,1
TB,16699,2023-12-17,1
TB,16699,2023-12-25,1
TB,16185,2024-01-01,1
TB,16599,2024-01-09,1
TB,15399,2024-01-17,1
TB,15399,2024-01-25,1
TB,15399,2024-02-01,1
TB,15399,2024-02-09,1
TB,15399,2024-02-17,1
TB,15399,2024-02-25,1
TB,15399,2024-03-01,1
TB,15399,2024-03-09,1
TB,15399,2024-03-17,1
TB,15399,2024-03-25,1
TB,15399,2024-04-01,1
TB,15399,2024-04-09,1
TB,15399,2024-04-17,1
TB,15399,2024-04-25,1
TB,15399,2024-05-01,1
TB,16069,2024-05-09,1
TB,16069,2024-05-17,1
TB,16069,2024-05-25,1
TB,16069,2024-06-01,1
TB,16069,2024-06-09,1
TB,16069,2024-06-17,1
TB,16069,2024-06-25,1
TB,16069,2024-07-01,1
TB,16069,2024-07-09,1
TB,16069,2024-07-17,1
TB,16069,2024-07-25,1
TB,16069,2024-08-01,1
Amazon,17493,2020-07-25,1
Amazon,17493,2020-08-01,1
Amazon,17493,2020-08-09,1
Amazon,17493,2020-08-17,1
Amazon,17493,2020-08-25,1
Amazon,17493,2020-09-01,1
Amazon,17493,2020-09-09,1
Amazon,17493,2020-09-17,1
Amazon,17493,2020-09-25,1
Amazon,17493,2020-10-01,1
Amazon,17493,2020-10-09,1
Amazon,17493,2020-10-17,1
Amazon,17493,2020-10-25,1
Amazon,17493,2020-11-01,1
Amazon,17493,2020-11-09,1
Amazon,17493,2020-11-17,1
Amazon,16093,2020-11-25,1
Amazon,17493,2020-12-01,1
Amazon,17493,2020-12-09,1
Amazon,17493,2020-12-17,1
Amazon,17493,2020-12-25,1
Amazon,17493,2021-01-01,1
Amazon,17493,2021-01-09,1
Amazon,17493,2021-01-17,1
Amazon,17493,2021-01-25,1
Amazon,17493,2021-02-01,1
Amazon,17493,2021-02-09,1
Amazon,17493,2021-02-17,1
Amazon,17493,2021-02-25,1
Amazon,17493,2021-03-01,1
Amazon,17493,2021-03-09,1
Amazon,17493,2021-03-17,1
Amazon,17493,2021-03-25,1
Amazon,17493,2021-04-01,1
Amazon,17493,2021-04-09,1
Amazon,17493,2021-04-17,1
Amazon,17493,2021-04-25,1
Amazon,17493,2021-05-01,1
Amazon,15743,2021-05-09,1
Amazon,17493,2021-05-17,1
Amazon,17493,2021-05-25,1
Amazon,17493,2021-06-01,1
Amazon,17493,2021-06-09,1
Amazon,15743,2021-06-17,1
Amazon,17493,2021-06-25,1
Amazon,17493,2021-07-01,1
Amazon,17493,2021-07-09,1
Amazon,17493,2021-07-17,1
Amazon,17493,2021-07-25,1
Amazon,17493,2021-08-01,1
Amazon,17493,2021-08-09,1
Amazon,17493,2021-08-17,1
Amazon,17493,2021-08-25,1
Amazon,18893,2021-09-01,1
Amazon,18893,2021-09-09,1
Amazon,18893,2021-09-17,1
Amazon,18893,2021-09-25,1
Amazon,18893,2021-10-01,1
Amazon,18893,2021-10-09,1
Amazon,18893,2021-10-17,1
Amazon,18893,2021-10-25,1
Amazon,18893,2021-11-01,1
Amazon,18893,2021-11-09,1
Amazon,18893,2021-11-17,1
Amazon,18893,2021-11-25,1
Amazon,18893,2021-12-01,1
Amazon,18893,2022-01-01,1
Amazon,18893,2022-01-09,1
Amazon,18893,2022-01-17,1
Amazon,18893,2022-01-25,1
Amazon,18893,2022-02-01,1
Amazon,18893,2022-02-09,1
Amazon,18893,2022-02-17,1
Amazon,18893,2022-02-25,1
Amazon,18893,2022-03-01,1
Amazon,18893,2022-03-09,1
Amazon,18893,2022-03-17,1
Amazon,18893,2022-03-25,1
Amazon,18893,2022-04-01,1
Amazon,18893,2022-04-09,1
Amazon,18893,2022-04-17,1
Amazon,18893,2022-04-25,1
Amazon,18893,2022-05-09,1
Amazon,18893,2022-05-17,1
Amazon,18893,2022-05-25,1
Amazon,18893,2022-06-01,1
Amazon,18893,2022-06-09,1
Amazon,18893,2022-06-17,1
Amazon,18893,2022-06-25,1
Amazon,18893,2022-07-01,1
Amazon,18893,2022-07-09,1
Amazon,18893,2022-07-17,1
Amazon,18893,2022-07-25,1
Amazon,18893,2022-08-01,1
Amazon,18893,2022-08-09,1
Amazon,18893,2022-08-17,1
Amazon,18893,2022-08-25,1
Amazon,18893,2022-09-01,1
Amazon,18893,2022-09-09,1
Amazon,18893,2022-09-17,1
Amazon,18893,2022-09-25,1
Amazon,18893,2022-10-25,1
Amazon,18893,2022-11-01,1
Amazon,17493,2022-11-09,1
Amazon,17493,2022-11-17,1
Amazon,17493,2022-11-25,1
Amazon,17493,2022-12-01,1
Amazon,16093,2022-12-09,1
Amazon,17493,2022-12-17,1
Amazon,17493,2022-12-25,1
Amazon,17493,2023-01-01,1
Amazon,17493,2023-01-09,1
Amazon,17493,2023-01-17,1
Amazon,17493,2023-01-25,1
Amazon,17493,2023-02-01,1
Amazon,17493,2023-02-09,1
Amazon,17493,2023-02-17,1
Amazon,17493,2023-02-25,1
Amazon,17493,2023-03-01,1
Amazon,17493,2023-03-09,1
Amazon,17493,2023-03-17,1
Amazon,17493,2023-03-25,1
Amazon,15393,2023-04-01,1
Amazon,17493,2023-04-09,1
Amazon,17493,2023-04-17,1
Amazon,17493,2023-04-25,1
Amazon,17493,2023-05-01,1
Amazon,17493,2023-05-09,1
Amazon,17493,2023-05-17,1
Amazon,17493,2023-05-25,1
Amazon,17493,2023-06-01,1
Amazon,17493,2023-06-09,1
Amazon,17493,2023-06-17,1
Amazon,17493,2023-06-25,1
Amazon,17493,2023-07-01,1
Amazon,17493,2023-07-09,1
Amazon,17493,2023-07-17,1
Amazon,18893,2023-07-25,1
Amazon,18893,2023-08-01,1
Amazon,18893,2023-08-09,1
Amazon,18893,2023-08-17,1
Amazon,18893,2023-08-25,1
Amazon,18893,2023-09-01,1
Amazon,17493,2023-09-09,1
Amazon,17493,2023-09-17,1
Amazon,17493,2023-09-25,1
Amazon,18893,2023-10-01,1
Amazon,18893,2023-10-09,1
Amazon,18893,2023-10-17,1
Amazon,18893,2023-10-25,1
Amazon,18893,2023-11-01,1
Amazon,18893,2023-11-09,1
Amazon,18893,2023-11-17,1
Amazon,18893,2023-11-25,1
Amazon,18893,2023-12-01,1
Amazon,18893,2023-12-09,1
Amazon,18893,2023-12-17,1
Amazon,16093,2023-12-25,1
Amazon,16093,2024-01-01,1
Amazon,16093,2024-01-09,1
Amazon,16093,2024-01-17,1
Amazon,16093,2024-01-25,1
Amazon,16093,2024-02-01,1
Amazon,16093,2024-02-09,1
Amazon,16093,2024-02-17,1
Amazon,16093,2024-04-01,1
Amazon,16093,2024-04-09,1
Amazon,16093,2024-04-17,1
Amazon,16093,2024-04-25,1
Amazon,16093,2024-05-01,1
Amazon,16093,2024-05-09,1
Amazon,16093,2024-05-17,1
Amazon,16093,2024-05-25,1
Amazon,16093,2024-06-01,1
Amazon,16093,2024-06-09,1
Amazon,16093,2024-06-17,1
Amazon,16093,2024-06-25,1
Amazon,16093,2024-07-01,1
Amazon,16093,2024-07-09,1
JD,7999,2019-08-28,11
JD,10199,2023-06-01,11
JD,10999,2023-06-09,11
JD,10199,2023-06-17,11
JD,10999,2023-06-25,11
JD,10999,2023-07-01,11
JD,10999,2023-07-09,11
JD,10999,2023-07-17,11
JD,10999,2023-07-25,11
JD,10999,2023-08-01,11
JD,10199,2023-08-09,11
JD,9599,2023-08-17,11
JD,9599,2023-08-25,11
JD,10999,2023-09-01,11
JD,10150,2023-09-09,11
JD,9899,2023-09-17,11
JD,9599,2023-09-25,11
JD,10199,2023-10-01,11
JD,10199,2023-10-09,11
JD,10199,2023-10-17,11
JD,10199,2023-10-25,11
JD,10199,2023-11-01,11
JD,9499,2023-11-09,11
JD,9500,2023-11-17,11
JD,9599,2023-11-25,11
JD,9799,2023-12-01,11
JD,9799,2023-12-09,11
JD,9799,2023-12-17,11
JD,9799,2023-12-25,11
JD,9699,2024-01-01,11
JD,9699,2024-01-09,11
JD,9599,2024-01-17,11
JD,9599,2024-01-25,11
JD,9599,2024-02-01,11
JD,9599,2024-02-09,11
JD,9599,2024-02-17,11
JD,9699,2024-02-25,11
JD,9699,2024-03-01,11
JD,9699,2024-03-09,11
JD,9699,2024-03-17,11
JD,10299,2024-03-25,11
JD,10299,2024-04-01,11
JD,9899,2024-04-09,11
JD,10099,2024-04-17,11
JD,9699,2024-04-25,11
JD,9699,2024-05-01,11
JD,9699,2024-05-09,11
JD,9699,2024-05-17,11
JD,9699,2024-05-25,11
JD,9599,2024-06-01,11
JD,9799,2024-06-09,11
JD,9799,2024-06-17,11
JD,9799,2024-06-25,11
JD,9699,2024-07-01,11
JD,9799,2024-07-09,11
JD,9799,2024-07-17,11
JD,9799,2024-07-25,11
JD,9799,2024-08-01,11
TB,7694,2023-06-01,11
TB,8099,2023-06-09,11
TB,8099,2023-06-17,11
TB,8099,2023-06-25,11
TB,8099,2023-07-01,11
TB,8099,2023-07-09,11
TB,8099,2023-07-17,11
TB,8099,2023-07-25,11
TB,8099,2023-08-01,11
TB,8099,2023-08-09,11
TB,8099,2023-08-17,11
TB,8099,2023-08-25,11
TB,8099,2023-09-01,11
TB,8599,2023-09-09,11
TB,8169,2023-09-17,11
TB,8169,2023-09-25,11
TB,8169,2023-10-01,11
TB,8169,2023-10-09,11
TB,8169,2023-10-17,11
TB,8599,2023-10-25,11
TB,8599,2023-11-01,11
TB,8169,2023-11-09,11
TB,8169,2023-11-17,11
TB,8099,2023-11-25,11
TB,8169,2023-12-01,11
TB,8169,2023-12-09,11
TB,8169,2023-12-17,11
TB,7549,2023-12-25,11
TB,7599,2024-01-01,11
TB,7419,2024-01-09,11
TB,7419,2024-01-17,11
TB,7419,2024-01-25,11
TB,7449,2024-02-01,11
TB,7449,2024-02-09,11
TB,7449,2024-02-17,11
TB,7599,2024-02-25,11
TB,7599,2024-03-01,11
TB,7599,2024-03-09,11
TB,7599,2024-03-17,11
TB,7499,2024-03-25,11
TB,7499,2024-04-01,11
TB,7499,2024-04-09,11
TB,7499,2024-04-17,11
TB,7504,2024-04-25,11
TB,7499,2024-05-01,11
TB,7124,2024-05-09,11
TB,8599,2024-05-17,11
TB,8169,2024-05-25,11
TB,8169,2024-06-01,11
TB,7124,2024-06-09,11
TB,8599,2024-06-17,11
TB,8169,2024-06-25,11
TB,8169,2024-07-01,11
TB,8169,2024-07-09,11
TB,8599,2024-07-17,11
TB,6744,2024-07-25,11
TB,6744,2024-08-01,11
Amazon,8393,2020-05-25,11
Amazon,8393,2020-06-01,11
Amazon,8393,2020-06-09,11
Amazon,8393,2020-06-17,11
Amazon,8393,2020-06-25,11
Amazon,8393,2020-07-01,11
Amazon,8393,2020-07-09,11
Amazon,8393,2020-07-17,11
Amazon,8393,2020-07-25,11
Amazon,8393,2020-08-01,11
Amazon,8393,2020-08-09,11
Amazon,8393,2020-08-17,11
Amazon,8393,2020-08-25,11
Amazon,8393,2020-09-01,11
Amazon,8393,2020-09-09,11
Amazon,8393,2020-09-17,11
Amazon,8393,2020-09-25,11
Amazon,8393,2020-10-01,11
Amazon,8393,2020-10-09,11
Amazon,8393,2020-10-17,11
Amazon,8393,2020-10-25,11
Amazon,8393,2020-11-01,11
Amazon,8393,2020-11-09,11
Amazon,8393,2020-11-17,11
Amazon,8393,2020-11-25,11
Amazon,8393,2020-12-01,11
Amazon,8393,2020-12-09,11
Amazon,8393,2020-12-17,11
Amazon,8393,2020-12-25,11
Amazon,8393,2021-01-01,11
Amazon,8393,2021-01-09,11
Amazon,8393,2021-01-17,11
Amazon,8393,2021-01-25,11
Amazon,8393,2021-02-01,11
Amazon,8393,2021-02-09,11
Amazon,8393,2021-02-17,11
Amazon,8393,2021-02-25,11
Amazon,8393,2021-03-01,11
Amazon,8393,2021-03-09,11
Amazon,8393,2021-03-17,11
Amazon,8393,2021-03-25,11
Amazon,8393,2021-04-01,11
Amazon,8393,2021-04-09,11
Amazon,8393,2021-04-17,11
Amazon,8393,2021-04-25,11
Amazon,8393,2021-05-01,11
Amazon,8393,2021-05-09,11
Amazon,8393,2021-05-17,11
Amazon,8393,2021-05-25,11
Amazon,8393,2021-06-01,11
Amazon,8393,2021-06-09,11
Amazon,8393,2021-06-17,11
Amazon,8393,2021-06-25,11
Amazon,8393,2021-07-01,11
Amazon,8393,2021-07-09,11
Amazon,8393,2021-07-17,11
Amazon,8393,2021-07-25,11
Amazon,8393,2021-08-01,11
Amazon,8393,2021-08-09,11
Amazon,8393,2021-08-17,11
Amazon,8393,2021-08-25,11
Amazon,8393,2021-09-01,11
Amazon,8393,2021-09-09,11
Amazon,8393,2021-09-17,11
Amazon,8393,2021-09-25,11
Amazon,8393,2021-10-01,11
Amazon,8393,2021-10-09,11
Amazon,8393,2021-10-17,11
Amazon,8393,2021-10-25,11
Amazon,8393,2021-11-01,11
Amazon,8393,2021-11-09,11
Amazon,8393,2021-11-17,11
Amazon,8393,2021-11-25,11
Amazon,8393,2021-12-01,11
Amazon,8393,2022-01-01,11
Amazon,8393,2022-01-09,11
Amazon,8393,2022-01-17,11
Amazon,8393,2022-01-25,11
Amazon,8393,2022-02-01,11
Amazon,8393,2022-02-09,11
Amazon,8393,2022-02-17,11
Amazon,8393,2022-02-25,11
Amazon,8393,2022-03-01,11
Amazon,8393,2022-03-09,11
Amazon,8393,2022-03-17,11
Amazon,8393,2022-03-25,11
Amazon,8393,2022-04-01,11
Amazon,8393,2022-04-09,11
Amazon,8393,2022-04-17,11
Amazon,8393,2022-04-25,11
Amazon,8393,2022-05-09,11
Amazon,8393,2022-05-17,11
Amazon,8393,2022-05-25,11
Amazon,8393,2022-06-01,11
Amazon,8393,2022-06-09,11
Amazon,8393,2022-06-17,11
Amazon,8393,2022-06-25,11
Amazon,8393,2022-07-01,11
Amazon,8393,2022-07-09,11
Amazon,8393,2022-07-17,11
Amazon,8393,2022-07-25,11
Amazon,8393,2022-08-01,11
Amazon,8393,2022-08-09,11
Amazon,8393,2022-08-17,11
Amazon,8393,2022-08-25,11
Amazon,8393,2022-09-01,11
Amazon,8393,2022-09-09,11
Amazon,8393,2022-09-17,11
Amazon,8393,2022-09-25,11
Amazon,8393,2022-10-25,11
Amazon,8393,2022-11-01,11
Amazon,8393,2022-11-09,11
Amazon,8393,2022-11-17,11
Amazon,8393,2022-11-25,11
Amazon,8393,2022-12-01,11
Amazon,8393,2022-12-09,11
Amazon,8393,2022-12-17,11
Amazon,8393,2022-12-25,11
Amazon,8393,2023-01-01,11
Amazon,8393,2023-01-09,11
Amazon,8393,2023-01-17,11
Amazon,8393,2023-01-25,11
Amazon,8393,2023-02-01,11
Amazon,8393,2023-02-09,11
Amazon,8393,2023-02-17,11
Amazon,8393,2023-02-25,11
Amazon,8393,2023-03-01,11
Amazon,8393,2023-03-09,11
Amazon,8393,2023-03-17,11
Amazon,8393,2023-03-25,11
Amazon,8393,2023-04-01,11
Amazon,8393,2023-04-09,11
Amazon,8393,2023-04-17,11
Amazon,8393,2023-04-25,11
Amazon,8393,2023-05-01,11
Amazon,8393,2023-05-09,11
Amazon,8393,2023-05-17,11
Amazon,8393,2023-05-25,11
Amazon,8393,2023-06-01,11
Amazon,8393,2023-06-09,11
Amazon,8393,2023-06-17,11
Amazon,8393,2023-06-25,11
Amazon,8393,2023-07-01,11
Amazon,8393,2023-07-09,11
Amazon,8393,2023-07-17,11
Amazon,8393,2023-07-25,11
Amazon,8393,2023-08-01,11
Amazon,8393,2023-08-09,11
Amazon,8393,2023-08-17,11
Amazon,8393,2023-08-25,11
Amazon,8393,2023-09-01,11
Amazon,8393,2023-09-09,11
Amazon,8393,2023-09-17,11
Amazon,8393,2023-09-25,11
Amazon,8393,2023-10-01,11
Amazon,8393,2023-10-09,11
Amazon,8393,2023-10-17,11
Amazon,8393,2023-10-25,11
Amazon,8393,2023-11-01,11
Amazon,8393,2023-11-09,11
Amazon,8393,2023-11-17,11
Amazon,8393,2023-11-25,11
Amazon,8393,2023-12-01,11
Amazon,8393,2023-12-09,11
Amazon,8393,2023-12-17,11
Amazon,8393,2023-12-25,11
Amazon,8393,2024-01-01,11
Amazon,8393,2024-01-09,11
Amazon,8393,2024-01-17,11
Amazon,8393,2024-01-25,11
Amazon,8393,2024-02-01,11
Amazon,8393,2024-02-09,11
Amazon,8393,2024-02-17,11
Amazon,8393,2024-04-01,11
Amazon,8393,2024-04-09,11
Amazon,8393,2024-04-17,11
Amazon,8393,2024-04-25,11
Amazon,8393,2024-05-01,11
Amazon,8393,2024-05-09,11
Amazon,8393,2024-05-17,11
Amazon,8393,2024-05-25,11
Amazon,8393,2024-06-01,11
Amazon,8393,2024-06-09,11
Amazon,8393,2024-06-17,11
Amazon,8393,2024-06-25,11
Amazon,8393,2024-07-01,11
Amazon,8393,2024-07-09,11
JD,4799,2019-04-10,10
JD,5799,2023-06-01,10
JD,6199,2023-06-09,10
JD,5779,2023-06-17,10
JD,6299,2023-06-25,10
JD,6299,2023-07-01,10
JD,5999,2023-07-09,10
JD,5699,2023-07-17,10
JD,5699,2023-07-25,10
JD,5299,2023-08-01,10
JD,5269,2023-08-09,10
JD,5299,2023-08-17,10
JD,5499,2023-08-25,10
JD,5699,2023-09-01,10
JD,5599,2023-09-09,10
JD,5999,2023-09-17,10
JD,5399,2023-09-25,10
JD,5399,2023-10-01,10
JD,5369,2023-10-09,10
JD,5369,2023-10-17,10
JD,5399,2023-10-25,10
JD,5199,2023-11-01,10
JD,5369,2023-11-09,10
JD,5199,2023-11-17,10
JD,4999,2023-11-25,10
JD,5099,2023-12-01,10
JD,5199,2023-12-09,10
JD,4999,2023-12-17,10
JD,5099,2023-12-25,10
JD,5099,2024-01-01,10
JD,5099,2024-01-09,10
JD,5199,2024-01-17,10
JD,5299,2024-01-25,10
JD,5099,2024-02-01,10
JD,4999,2024-02-09,10
JD,5199,2024-02-17,10
JD,5199,2024-02-25,10
JD,5299,2024-03-01,10
JD,5299,2024-03-09,10
JD,5399,2024-03-17,10
JD,5399,2024-03-25,10
JD,5199,2024-04-01,10
JD,5499,2024-04-09,10
JD,5299,2024-04-17,10
JD,5499,2024-04-25,10
JD,5599,2024-05-01,10
JD,5699,2024-05-09,10
JD,5899,2024-05-17,10
JD,5899,2024-05-25,10
JD,5799,2024-06-01,10
JD,5799,2024-06-09,10
JD,5799,2024-06-17,10
JD,5499,2024-06-25,10
JD,5899,2024-07-01,10
JD,5599,2024-07-09,10
JD,5399,2024-07-17,10
JD,5599,2024-07-25,10
JD,5599,2024-08-01,10
TB,5609,2023-06-01,10
TB,5609,2023-06-09,10
TB,4809,2023-06-17,10
TB,4809,2023-06-25,10
TB,4809,2023-07-01,10
TB,4809,2023-07-09,10
TB,5609,2023-07-17,10
TB,5609,2023-07-25,10
TB,5609,2023-08-01,10
TB,5609,2023-08-09,10
TB,5799,2023-08-17,10
TB,5609,2023-08-25,10
TB,4809,2023-09-01,10
TB,5609,2023-09-09,10
TB,5609,2023-09-17,10
TB,5609,2023-09-25,10
TB,5609,2023-10-01,10
TB,5609,2023-10-09,10
TB,5609,2023-10-17,10
TB,4809,2023-10-25,10
TB,5609,2023-11-01,10
TB,5609,2023-11-09,10
TB,5609,2023-11-17,10
TB,5609,2023-11-25,10
TB,5609,2023-12-01,10
TB,5609,2023-12-09,10
TB,5609,2023-12-17,10
TB,5440,2023-12-25,10
TB,5609,2024-01-01,10
TB,5609,2024-01-09,10
TB,5609,2024-01-17,10
TB,5609,2024-01-25,10
TB,5609,2024-02-01,10
TB,5609,2024-02-09,10
TB,5609,2024-02-17,10
TB,5609,2024-02-25,10
TB,5609,2024-03-01,10
TB,5609,2024-03-09,10
TB,5609,2024-03-17,10
TB,5609,2024-03-25,10
TB,5799,2024-04-01,10
TB,5609,2024-04-09,10
TB,5609,2024-04-17,10
TB,5609,2024-04-25,10
TB,5609,2024-05-01,10
TB,5609,2024-05-09,10
TB,5609,2024-05-17,10
TB,5609,2024-05-25,10
TB,5609,2024-06-01,10
TB,5609,2024-06-09,10
TB,5609,2024-06-17,10
TB,5609,2024-06-25,10
TB,5609,2024-07-01,10
TB,5609,2024-07-09,10
TB,5609,2024-07-17,10
TB,5609,2024-07-25,10
TB,5609,2024-08-01,10
JD,36999,2021-09-14,9
JD,34588,2023-06-01,9
JD,33768,2023-06-09,9
JD,33668,2023-06-17,9
JD,33688,2023-06-25,9
JD,33688,2023-07-01,9
JD,33688,2023-07-09,9
JD,33888,2023-07-17,9
JD,33888,2023-07-25,9
JD,33888,2023-08-01,9
JD,33888,2023-08-09,9
JD,33888,2023-08-17,9
JD,33688,2023-08-25,9
JD,33688,2023-09-01,9
JD,33688,2023-09-09,9
JD,33688,2023-09-17,9
JD,33688,2023-09-25,9
JD,33688,2023-10-01,9
JD,33688,2023-10-09,9
JD,33688,2023-10-17,9
JD,33688,2023-10-25,9
JD,33588,2023-11-01,9
JD,33188,2023-11-09,9
JD,33188,2023-11-17,9
JD,33188,2023-11-25,9
JD,33188,2023-12-01,9
JD,33188,2023-12-09,9
JD,33188,2023-12-17,9
JD,33188,2023-12-25,9
JD,32888,2024-01-01,9
JD,33688,2024-01-09,9
JD,33488,2024-01-17,9
JD,33388,2024-01-25,9
JD,32788,2024-02-01,9
JD,32788,2024-02-09,9
JD,32588,2024-02-17,9
JD,32588,2024-02-25,9
JD,32588,2024-03-01,9
JD,32588,2024-03-09,9
JD,32588,2024-03-17,9
JD,32588,2024-03-25,9
JD,32588,2024-04-01,9
JD,32588,2024-04-09,9
JD,32588,2024-04-17,9
JD,33088,2024-04-25,9
JD,33088,2024-05-01,9
JD,34088,2024-05-09,9
JD,32888,2024-05-17,9
JD,32888,2024-05-25,9
JD,32888,2024-06-01,9
JD,32888,2024-06-09,9
JD,32888,2024-06-17,9
JD,32888,2024-06-25,9
JD,32888,2024-07-01,9
JD,32688,2024-07-09,9
JD,33488,2024-07-17,9
JD,33888,2024-07-25,9
JD,32688,2024-08-01,9
TB,35669,2023-06-01,9
TB,35669,2023-06-09,9
TB,35669,2023-06-17,9
TB,35669,2023-06-25,9
TB,35669,2023-07-01,9
TB,35669,2023-07-09,9
TB,35669,2023-07-17,9
TB,35669,2023-07-25,9
TB,35669,2023-08-01,9
TB,35669,2023-08-09,9
TB,35669,2023-08-17,9
TB,35669,2023-08-25,9
TB,35669,2023-09-01,9
TB,35669,2023-09-09,9
TB,35669,2023-09-17,9
TB,35669,2023-09-25,9
TB,35669,2023-10-01,9
TB,35669,2023-10-09,9
TB,35669,2023-10-17,9
TB,35669,2023-10-25,9
TB,35669,2023-11-01,9
TB,35669,2023-11-09,9
TB,35669,2023-11-17,9
TB,35669,2023-11-25,9
TB,35669,2023-12-01,9
TB,35669,2023-12-09,9
TB,35669,2023-12-17,9
TB,35669,2023-12-25,9
TB,35669,2024-01-01,9
TB,35669,2024-01-09,9
TB,35669,2024-01-17,9
TB,35669,2024-01-25,9
TB,35669,2024-02-01,9
TB,35669,2024-02-09,9
TB,35669,2024-02-17,9
TB,35669,2024-02-25,9
TB,35669,2024-03-01,9
TB,35669,2024-03-09,9
TB,35669,2024-03-17,9
TB,35669,2024-03-25,9
TB,35669,2024-04-01,9
TB,35669,2024-04-09,9
TB,35669,2024-04-17,9
TB,35669,2024-04-25,9
TB,35669,2024-05-01,9
TB,35669,2024-05-09,9
TB,35669,2024-05-17,9
TB,35669,2024-05-25,9
TB,35669,2024-06-01,9
TB,35669,2024-06-09,9
TB,35669,2024-06-17,9
TB,35669,2024-06-25,9
TB,35669,2024-07-01,9
TB,35669,2024-07-09,9
TB,35669,2024-07-17,9
TB,35669,2024-07-25,9
TB,35669,2024-08-01,9
Amazon,41993,2022-11-17,9
Amazon,41993,2022-11-25,9
Amazon,41993,2022-12-01,9
Amazon,41993,2022-12-09,9
Amazon,41993,2022-12-17,9
Amazon,41993,2022-12-25,9
Amazon,41993,2023-01-01,9
Amazon,41993,2023-01-09,9
Amazon,41993,2023-01-17,9
Amazon,41993,2023-01-25,9
Amazon,39193,2023-02-01,9
Amazon,39193,2023-02-09,9
Amazon,41993,2023-02-17,9
Amazon,41993,2023-02-25,9
Amazon,39193,2023-03-01,9
Amazon,39193,2023-03-09,9
Amazon,41993,2023-03-17,9
Amazon,41993,2023-03-25,9
Amazon,41993,2023-04-01,9
Amazon,41993,2023-04-09,9
Amazon,41993,2023-04-17,9
Amazon,41993,2023-04-25,9
Amazon,38493,2023-05-01,9
Amazon,38493,2023-05-09,9
Amazon,38493,2023-05-17,9
Amazon,38493,2023-05-25,9
Amazon,38493,2023-06-01,9
Amazon,38493,2023-06-09,9
Amazon,38493,2023-06-17,9
Amazon,38493,2023-06-25,9
Amazon,38493,2023-07-01,9
Amazon,38493,2023-07-09,9
Amazon,38493,2023-07-17,9
Amazon,40593,2023-07-25,9
Amazon,40593,2023-08-01,9
Amazon,40593,2023-08-09,9
Amazon,40593,2023-08-17,9
Amazon,40593,2023-08-25,9
Amazon,40593,2023-09-01,9
Amazon,41993,2023-09-09,9
Amazon,38493,2023-09-17,9
Amazon,38493,2023-09-25,9
Amazon,34993,2023-10-01,9
Amazon,34993,2023-10-09,9
Amazon,34993,2023-10-17,9
Amazon,34993,2023-10-25,9
Amazon,34993,2023-11-01,9
Amazon,34993,2023-11-09,9
Amazon,34993,2023-11-17,9
Amazon,34993,2023-11-25,9
Amazon,34993,2023-12-01,9
Amazon,34993,2023-12-09,9
Amazon,34993,2023-12-17,9
Amazon,34993,2023-12-25,9
Amazon,34993,2024-01-01,9
Amazon,34993,2024-01-09,9
Amazon,34993,2024-01-17,9
Amazon,34993,2024-01-25,9
Amazon,33593,2024-02-01,9
Amazon,31493,2024-02-09,9
Amazon,31493,2024-02-17,9
Amazon,31493,2024-02-25,9
Amazon,31493,2024-03-01,9
Amazon,31493,2024-03-09,9
Amazon,31493,2024-03-17,9
Amazon,31493,2024-04-01,9
Amazon,31493,2024-04-09,9
Amazon,33593,2024-04-17,9
Amazon,33593,2024-04-25,9
Amazon,31493,2024-05-01,9
Amazon,31493,2024-05-09,9
Amazon,31493,2024-05-17,9
Amazon,31493,2024-05-25,9
Amazon,31493,2024-06-01,9
Amazon,31493,2024-06-09,9
Amazon,31493,2024-06-17,9
Amazon,31493,2024-06-25,9
Amazon,31493,2024-07-01,9
Amazon,31493,2024-07-09,9
JD,9499,2022-05-24,8
JD,9599,2023-06-01,8
JD,9999,2023-06-09,8
JD,9499,2023-06-17,8
JD,9999,2023-06-25,8
JD,9999,2023-07-01,8
JD,9999,2023-07-09,8
JD,9999,2023-07-17,8
JD,9999,2023-07-25,8
JD,9999,2023-08-01,8
JD,9999,2023-08-09,8
JD,9999,2023-08-17,8
JD,9299,2023-08-25,8
JD,9299,2023-09-01,8
JD,9299,2023-09-09,8
JD,9299,2023-09-17,8
JD,9099,2023-09-25,8
JD,9999,2023-10-01,8
JD,9999,2023-10-09,8
JD,9499,2023-10-17,8
JD,9499,2023-10-25,8
JD,9599,2023-11-01,8
JD,9299,2023-11-09,8
JD,9299,2023-11-17,8
JD,9299,2023-11-25,8
JD,9299,2023-12-01,8
JD,9299,2023-12-09,8
JD,9299,2023-12-17,8
JD,9299,2023-12-25,8
JD,9299,2024-01-01,8
JD,9299,2024-01-09,8
JD,9299,2024-01-17,8
JD,9299,2024-01-25,8
JD,9299,2024-02-01,8
JD,8999,2024-02-09,8
JD,8999,2024-02-17,8
JD,8999,2024-02-25,8
JD,8999,2024-03-01,8
JD,8999,2024-03-09,8
JD,8999,2024-03-17,8
JD,8999,2024-03-25,8
JD,8999,2024-04-01,8
JD,8999,2024-04-09,8
JD,8999,2024-04-17,8
JD,8999,2024-04-25,8
JD,9599,2024-05-01,8
JD,8999,2024-05-09,8
JD,8999,2024-05-17,8
JD,8999,2024-05-25,8
JD,8999,2024-06-01,8
JD,8999,2024-06-09,8
JD,8999,2024-06-17,8
JD,8999,2024-06-25,8
JD,8999,2024-07-01,8
JD,8999,2024-07-09,8
JD,8999,2024-07-17,8
JD,8999,2024-07-25,8
JD,9099,2024-08-01,8
TB,9799,2023-06-01,8
TB,9799,2023-06-09,8
TB,9799,2023-06-17,8
TB,9799,2023-06-25,8
TB,9799,2023-07-01,8
TB,9799,2023-07-09,8
TB,9799,2023-07-17,8
TB,9799,2023-07-25,8
TB,9799,2023-08-01,8
TB,9799,2023-08-09,8
TB,9799,2023-08-17,8
TB,9214,2023-08-25,8
TB,10099,2023-09-01,8
TB,10099,2023-09-09,8
TB,13399,2023-09-17,8
TB,10099,2023-09-25,8
TB,9499,2023-10-01,8
TB,9499,2023-10-09,8
TB,9499,2023-10-17,8
TB,9499,2023-10-25,8
TB,10599,2023-11-01,8
TB,10599,2023-11-09,8
TB,9499,2023-11-17,8
TB,9499,2023-11-25,8
TB,9599,2023-12-01,8
TB,9599,2023-12-09,8
TB,9499,2023-12-17,8
TB,9269,2023-12-25,8
TB,9399,2024-01-01,8
TB,10099,2024-01-09,8
TB,9179,2024-01-17,8
TB,9179,2024-01-25,8
TB,9399,2024-02-01,8
TB,9399,2024-02-09,8
TB,9399,2024-02-17,8
TB,9399,2024-02-25,8
TB,9399,2024-03-01,8
TB,9399,2024-03-09,8
TB,8739,2024-03-17,8
TB,8739,2024-03-25,8
TB,9199,2024-04-01,8
TB,9199,2024-04-09,8
TB,8739,2024-04-17,8
TB,10399,2024-04-25,8
TB,9199,2024-05-01,8
TB,8834,2024-05-09,8
TB,10599,2024-05-17,8
TB,10599,2024-05-25,8
TB,10599,2024-06-01,8
TB,9119,2024-06-09,8
TB,9599,2024-06-17,8
TB,10099,2024-06-25,8
TB,9214,2024-07-01,8
TB,9214,2024-07-09,8
TB,8834,2024-07-17,8
TB,8834,2024-07-25,8
TB,8834,2024-08-01,8
Amazon,10493,2022-10-17,8
Amazon,10493,2022-10-25,8
Amazon,10493,2022-11-01,8
Amazon,10493,2022-11-09,8
Amazon,10493,2022-11-17,8
Amazon,10493,2022-11-25,8
Amazon,10493,2022-12-01,8
Amazon,10493,2022-12-09,8
Amazon,10493,2022-12-17,8
Amazon,10493,2022-12-25,8
Amazon,10493,2023-01-01,8
Amazon,10493,2023-01-09,8
Amazon,10493,2023-01-17,8
Amazon,10493,2023-01-25,8
Amazon,10493,2023-02-01,8
Amazon,10493,2023-02-09,8
Amazon,10493,2023-02-17,8
Amazon,10493,2023-02-25,8
Amazon,10493,2023-03-01,8
Amazon,10493,2023-03-09,8
Amazon,10493,2023-03-17,8
Amazon,10493,2023-03-25,8
Amazon,10493,2023-04-01,8
Amazon,10493,2023-04-09,8
Amazon,10493,2023-04-17,8
Amazon,10493,2023-04-25,8
Amazon,9793,2023-05-01,8
Amazon,9793,2023-05-09,8
Amazon,9793,2023-05-17,8
Amazon,9793,2023-05-25,8
Amazon,9793,2023-06-01,8
Amazon,9793,2023-06-09,8
Amazon,9793,2023-06-17,8
Amazon,9793,2023-06-25,8
Amazon,9793,2023-07-01,8
Amazon,9793,2023-07-09,8
Amazon,9793,2023-07-17,8
Amazon,9793,2023-07-25,8
Amazon,9793,2023-08-01,8
Amazon,9793,2023-08-09,8
Amazon,9793,2023-08-17,8
Amazon,9793,2023-08-25,8
Amazon,9793,2023-09-01,8
Amazon,10493,2023-09-09,8
Amazon,9793,2023-09-17,8
Amazon,9793,2023-09-25,8
Amazon,9793,2023-10-01,8
Amazon,9793,2023-10-09,8
Amazon,9793,2023-10-17,8
Amazon,9793,2023-10-25,8
Amazon,9793,2023-11-01,8
Amazon,9793,2023-11-09,8
Amazon,9793,2023-11-17,8
Amazon,9793,2023-11-25,8
Amazon,9793,2023-12-01,8
Amazon,9793,2023-12-09,8
Amazon,9793,2023-12-17,8
Amazon,9793,2023-12-25,8
Amazon,9793,2024-01-01,8
Amazon,9793,2024-01-09,8
Amazon,10493,2024-01-17,8
Amazon,9793,2024-01-25,8
Amazon,9793,2024-02-01,8
Amazon,9793,2024-02-09,8
Amazon,9793,2024-02-17,8
Amazon,9793,2024-02-25,8
Amazon,9793,2024-03-01,8
Amazon,9793,2024-03-09,8
Amazon,9793,2024-03-17,8
Amazon,9793,2024-04-01,8
Amazon,9793,2024-04-09,8
Amazon,9793,2024-04-17,8
Amazon,9793,2024-04-25,8
Amazon,9793,2024-05-01,8
Amazon,9793,2024-05-09,8
Amazon,9793,2024-05-17,8
Amazon,9793,2024-05-25,8
Amazon,9793,2024-06-01,8
Amazon,9793,2024-06-09,8
Amazon,9793,2024-06-17,8
Amazon,9793,2024-06-25,8
Amazon,9793,2024-07-01,8
Amazon,9793,2024-07-09,8
JD,10499,2023-02-08,7
JD,12579,2023-06-01,7
JD,12579,2023-06-09,7
JD,12579,2023-06-17,7
JD,12599,2023-06-25,7
JD,12599,2023-07-01,7
JD,12599,2023-07-09,7
JD,12599,2023-07-17,7
JD,12599,2023-07-25,7
JD,12599,2023-08-01,7
JD,12599,2023-08-09,7
JD,12599,2023-08-17,7
JD,12599,2023-08-25,7
JD,12599,2023-09-01,7
JD,12599,2023-09-09,7
JD,11299,2023-09-17,7
JD,11299,2023-09-25,7
JD,11399,2023-10-01,7
JD,11399,2023-10-09,7
JD,11399,2023-10-17,7
JD,11399,2023-10-25,7
JD,11399,2023-11-01,7
JD,10799,2023-11-09,7
JD,10800,2023-11-17,7
JD,10799,2023-11-25,7
JD,12599,2023-12-01,7
JD,12599,2023-12-09,7
JD,12599,2023-12-17,7
JD,11499,2023-12-25,7
JD,11499,2024-01-01,7
JD,11499,2024-01-09,7
JD,11499,2024-01-17,7
JD,11099,2024-01-25,7
JD,11099,2024-02-01,7
JD,11099,2024-02-09,7
JD,11099,2024-02-17,7
JD,11099,2024-02-25,7
JD,11099,2024-03-01,7
JD,11099,2024-03-09,7
JD,11099,2024-03-17,7
JD,11099,2024-03-25,7
JD,11099,2024-04-01,7
JD,11099,2024-04-09,7
JD,11399,2024-04-17,7
JD,11399,2024-04-25,7
JD,11399,2024-05-01,7
JD,11399,2024-05-09,7
JD,11399,2024-05-17,7
JD,11399,2024-05-25,7
JD,10699,2024-06-01,7
JD,9599,2024-06-09,7
JD,9599,2024-06-17,7
JD,9699,2024-06-25,7
JD,9599,2024-07-01,7
JD,9599,2024-07-09,7
JD,9599,2024-07-17,7
JD,9599,2024-07-25,7
JD,9599,2024-08-01,7
TB,11088,2023-06-01,7
TB,11088,2023-06-09,7
TB,11088,2023-06-17,7
TB,11088,2023-06-25,7
TB,11088,2023-07-01,7
TB,11088,2023-07-09,7
TB,11088,2023-07-17,7
TB,11088,2023-07-25,7
TB,11088,2023-08-01,7
TB,11088,2023-08-09,7
TB,11088,2023-08-17,7
TB,11088,2023-08-25,7
TB,11088,2023-09-01,7
TB,11088,2023-09-09,7
TB,11088,2023-09-17,7
TB,11088,2023-09-25,7
TB,11088,2023-10-01,7
TB,11088,2023-10-09,7
TB,11088,2023-10-17,7
TB,11088,2023-10-25,7
TB,11088,2023-11-01,7
TB,11088,2023-11-09,7
TB,11088,2023-11-17,7
TB,11088,2023-11-25,7
TB,11088,2023-12-01,7
TB,9600,2023-12-09,7
TB,10100,2023-12-17,7
TB,10100,2023-12-25,7
TB,10100,2024-01-01,7
TB,10100,2024-01-09,7
TB,10100,2024-01-17,7
TB,10100,2024-01-25,7
TB,10100,2024-02-01,7
TB,10100,2024-02-09,7
TB,10100,2024-02-17,7
TB,10100,2024-02-25,7
TB,10100,2024-03-01,7
TB,10100,2024-03-09,7
TB,10100,2024-03-17,7
TB,10100,2024-03-25,7
TB,10100,2024-04-01,7
TB,10100,2024-04-09,7
TB,10100,2024-04-17,7
TB,10100,2024-04-25,7
TB,10100,2024-05-01,7
TB,10100,2024-05-09,7
TB,10100,2024-05-17,7
TB,10100,2024-05-25,7
TB,10100,2024-06-01,7
TB,10100,2024-06-09,7
TB,10100,2024-06-17,7
TB,10100,2024-06-25,7
TB,10100,2024-07-01,7
TB,10100,2024-07-09,7
TB,10100,2024-07-17,7
TB,10100,2024-07-25,7
TB,10100,2024-08-01,7
Amazon,10493,2023-02-09,7
Amazon,10493,2023-02-17,7
Amazon,10493,2023-02-25,7
Amazon,10493,2023-03-01,7
Amazon,10493,2023-03-09,7
Amazon,10493,2023-03-17,7
Amazon,10493,2023-03-25,7
Amazon,10493,2023-04-01,7
Amazon,10493,2023-04-09,7
Amazon,10493,2023-04-17,7
Amazon,10493,2023-04-25,7
Amazon,10493,2023-05-01,7
Amazon,10493,2023-05-09,7
Amazon,10493,2023-05-17,7
Amazon,10493,2023-05-25,7
Amazon,10493,2023-06-01,7
Amazon,10493,2023-06-09,7
Amazon,10493,2023-06-17,7
Amazon,10493,2023-06-25,7
Amazon,10493,2023-07-01,7
Amazon,10493,2023-07-09,7
Amazon,10493,2023-07-17,7
Amazon,10493,2023-07-25,7
Amazon,10493,2023-08-01,7
Amazon,10493,2023-08-09,7
Amazon,10493,2023-08-17,7
Amazon,10493,2023-08-25,7
Amazon,10493,2023-09-01,7
Amazon,10493,2023-09-09,7
Amazon,10493,2023-09-17,7
Amazon,10493,2023-09-25,7
Amazon,10493,2023-10-01,7
Amazon,10493,2023-10-09,7
Amazon,9793,2023-10-17,7
Amazon,9093,2023-10-25,7
Amazon,9793,2023-11-01,7
Amazon,9093,2023-11-09,7
Amazon,8393,2023-11-17,7
Amazon,9093,2023-11-25,7
Amazon,9093,2023-12-01,7
Amazon,9093,2023-12-09,7
Amazon,9093,2023-12-17,7
Amazon,9093,2023-12-25,7
Amazon,9093,2024-01-01,7
Amazon,9093,2024-01-09,7
Amazon,10493,2024-01-17,7
Amazon,10493,2024-01-25,7
Amazon,9093,2024-02-01,7
Amazon,9093,2024-02-09,7
Amazon,9093,2024-02-17,7
Amazon,9093,2024-02-25,7
Amazon,9093,2024-03-01,7
Amazon,9093,2024-03-09,7
Amazon,9093,2024-03-17,7
Amazon,9093,2024-04-01,7
Amazon,9093,2024-04-09,7
Amazon,9793,2024-04-17,7
Amazon,9793,2024-04-25,7
Amazon,8393,2024-05-01,7
Amazon,8393,2024-05-09,7
Amazon,8393,2024-05-17,7
Amazon,8393,2024-05-25,7
Amazon,8393,2024-06-01,7
Amazon,8393,2024-06-09,7
Amazon,8393,2024-06-17,7
Amazon,8393,2024-06-25,7
Amazon,9093,2024-07-01,7
Amazon,9093,2024-07-09,7
Amazon,9093,2024-07-17,7
JD,7999,2019-02-14,6
JD,7779,2023-06-01,6
JD,9679,2023-06-09,6
JD,9679,2023-06-17,6
JD,9699,2023-06-25,6
JD,9699,2023-07-01,6
JD,9699,2023-07-09,6
JD,9699,2023-07-17,6
JD,9699,2023-07-25,6
JD,9699,2023-08-01,6
JD,9699,2023-08-09,6
JD,9699,2023-08-17,6
JD,9699,2023-08-25,6
JD,9699,2023-09-01,6
JD,9699,2023-09-09,6
JD,8499,2023-09-17,6
JD,8299,2023-09-25,6
JD,8499,2023-10-01,6
JD,8499,2023-10-09,6
JD,8499,2023-10-17,6
JD,8499,2023-10-25,6
JD,8499,2023-11-01,6
JD,8099,2023-11-09,6
JD,8100,2023-11-17,6
JD,8099,2023-11-25,6
JD,9699,2023-12-01,6
JD,9699,2023-12-09,6
JD,8099,2023-12-17,6
JD,8099,2023-12-25,6
JD,7899,2024-01-01,6
JD,7899,2024-01-09,6
JD,7899,2024-01-17,6
JD,8099,2024-01-25,6
JD,8099,2024-02-01,6
JD,7999,2024-02-09,6
JD,7999,2024-02-17,6
JD,7999,2024-02-25,6
JD,7999,2024-03-01,6
JD,7999,2024-03-09,6
JD,7999,2024-03-17,6
JD,7999,2024-03-25,6
JD,7999,2024-04-01,6
JD,7999,2024-04-09,6
JD,7499,2024-04-17,6
JD,7499,2024-04-25,6
JD,7499,2024-05-01,6
JD,7499,2024-05-09,6
JD,7499,2024-05-17,6
JD,7499,2024-05-25,6
JD,7499,2024-06-01,6
JD,7499,2024-06-09,6
JD,7499,2024-06-17,6
JD,7299,2024-06-25,6
JD,7299,2024-07-01,6
JD,7299,2024-07-09,6
JD,7299,2024-07-17,6
JD,7499,2024-07-25,6
JD,7499,2024-08-01,6
TB,7998,2023-06-01,6
TB,8018,2023-06-09,6
TB,7698,2023-06-17,6
TB,8088,2023-06-25,6
TB,17968,2023-07-01,6
TB,17968,2023-07-09,6
TB,17968,2023-07-17,6
TB,17968,2023-07-25,6
TB,17968,2023-08-01,6
TB,17968,2023-08-09,6
TB,17968,2023-08-17,6
TB,17968,2023-08-25,6
TB,17968,2023-09-01,6
TB,17968,2023-09-09,6
TB,17968,2023-09-17,6
TB,17968,2023-09-25,6
TB,7498,2023-10-01,6
TB,7398,2023-10-09,6
TB,7398,2023-10-17,6
TB,7298,2023-10-25,6
TB,7508,2023-11-01,6
TB,7508,2023-11-09,6
TB,6998,2023-11-17,6
TB,6998,2023-11-25,6
TB,7308,2023-12-01,6
TB,6798,2023-12-09,6
TB,7028,2023-12-17,6
TB,7008,2023-12-25,6
TB,6798,2024-01-01,6
TB,6798,2024-01-09,6
TB,6798,2024-01-17,6
TB,6898,2024-01-25,6
TB,6898,2024-02-01,6
TB,6898,2024-02-09,6
TB,6898,2024-02-17,6
TB,6928,2024-02-25,6
TB,6928,2024-03-01,6
TB,6928,2024-03-09,6
TB,6578,2024-03-17,6
TB,6498,2024-03-25,6
TB,6498,2024-04-01,6
TB,6498,2024-04-09,6
TB,6703,2024-04-17,6
TB,6498,2024-04-25,6
TB,6828,2024-05-01,6
TB,6398,2024-05-09,6
TB,6828,2024-05-17,6
TB,6596,2024-05-25,6
TB,6828,2024-06-01,6
TB,6596,2024-06-09,6
TB,6596,2024-06-17,6
TB,6828,2024-06-25,6
TB,6398,2024-07-01,6
TB,6398,2024-07-09,6
TB,6828,2024-07-17,6
TB,6098,2024-07-25,6
TB,6098,2024-08-01,6
Amazon,9093,2019-02-17,6
Amazon,9093,2019-02-25,6
Amazon,9093,2019-03-01,6
Amazon,9093,2019-03-09,6
Amazon,9093,2019-03-17,6
Amazon,9093,2019-03-25,6
Amazon,9093,2019-04-01,6
Amazon,9093,2019-04-09,6
Amazon,9093,2019-04-17,6
Amazon,9093,2019-04-25,6
Amazon,9093,2019-05-01,6
Amazon,9093,2019-05-09,6
Amazon,9093,2019-05-17,6
Amazon,9093,2019-05-25,6
Amazon,9093,2019-06-01,6
Amazon,9093,2019-06-09,6
Amazon,9093,2019-06-17,6
Amazon,9093,2019-06-25,6
Amazon,9093,2019-07-01,6
Amazon,9093,2019-07-09,6
Amazon,9093,2019-07-17,6
Amazon,9093,2019-07-25,6
Amazon,9093,2019-08-01,6
Amazon,9093,2019-08-09,6
Amazon,9093,2019-08-17,6
Amazon,9093,2019-08-25,6
Amazon,9093,2019-09-01,6
Amazon,9093,2019-09-09,6
Amazon,9093,2019-09-17,6
Amazon,9093,2019-09-25,6
Amazon,9093,2019-10-01,6
Amazon,9093,2019-10-09,6
Amazon,9093,2019-10-17,6
Amazon,9093,2019-10-25,6
Amazon,9093,2019-11-01,6
Amazon,9093,2019-11-09,6
Amazon,9093,2019-11-17,6
Amazon,9093,2019-11-25,6
Amazon,9093,2019-12-01,6
Amazon,9093,2019-12-09,6
Amazon,9093,2019-12-17,6
Amazon,9093,2019-12-25,6
Amazon,6993,2020-01-01,6
Amazon,6993,2020-01-09,6
Amazon,6993,2020-01-17,6
Amazon,6993,2020-01-25,6
Amazon,6993,2020-02-01,6
Amazon,6993,2020-02-09,6
Amazon,6993,2020-02-17,6
Amazon,6993,2020-02-25,6
Amazon,6993,2020-03-01,6
Amazon,6993,2020-03-09,6
Amazon,6993,2020-03-17,6
Amazon,6993,2020-03-25,6
Amazon,6993,2020-04-01,6
Amazon,6993,2020-04-09,6
Amazon,6993,2020-04-17,6
Amazon,6993,2020-04-25,6
Amazon,6993,2020-05-01,6
Amazon,6993,2020-05-09,6
Amazon,6993,2020-05-17,6
Amazon,6993,2020-05-25,6
Amazon,6993,2020-06-01,6
Amazon,6993,2020-06-09,6
Amazon,6293,2020-06-17,6
Amazon,6993,2020-06-25,6
Amazon,6993,2020-07-01,6
Amazon,6993,2020-07-09,6
Amazon,6993,2020-07-17,6
Amazon,6993,2020-07-25,6
Amazon,6993,2020-08-01,6
Amazon,6993,2020-08-09,6
Amazon,6993,2020-08-17,6
Amazon,6993,2020-08-25,6
Amazon,6993,2020-09-01,6
Amazon,6993,2020-09-09,6
Amazon,6993,2020-09-17,6
Amazon,6993,2020-09-25,6
Amazon,6993,2020-10-01,6
Amazon,6993,2020-10-09,6
Amazon,6993,2020-10-17,6
Amazon,6993,2020-10-25,6
Amazon,6293,2020-11-01,6
Amazon,6993,2020-11-09,6
Amazon,6993,2020-11-17,6
Amazon,6993,2020-11-25,6
Amazon,6993,2020-12-01,6
Amazon,6993,2020-12-09,6
Amazon,6993,2020-12-17,6
Amazon,6993,2020-12-25,6
Amazon,6993,2021-01-01,6
Amazon,6993,2021-01-09,6
Amazon,6993,2021-01-17,6
Amazon,6993,2021-01-25,6
Amazon,6993,2021-02-01,6
Amazon,6993,2021-02-09,6
Amazon,6993,2021-02-17,6
Amazon,6993,2021-02-25,6
Amazon,6993,2021-03-01,6
Amazon,6993,2021-03-09,6
Amazon,6993,2021-03-17,6
Amazon,6993,2021-03-25,6
Amazon,6993,2021-04-01,6
Amazon,6993,2021-04-09,6
Amazon,6993,2021-04-17,6
Amazon,6993,2021-04-25,6
Amazon,6993,2021-05-01,6
Amazon,6993,2021-05-09,6
Amazon,6993,2021-05-17,6
Amazon,6993,2021-05-25,6
Amazon,6993,2021-06-01,6
Amazon,6993,2021-06-09,6
Amazon,6993,2021-06-17,6
Amazon,6993,2021-06-25,6
Amazon,6993,2021-07-01,6
Amazon,6993,2021-07-09,6
Amazon,6993,2021-07-17,6
Amazon,6993,2021-07-25,6
Amazon,6993,2021-08-01,6
Amazon,6993,2021-08-09,6
Amazon,6993,2021-08-17,6
Amazon,6993,2021-08-25,6
Amazon,6993,2021-09-01,6
Amazon,6993,2021-09-09,6
Amazon,6993,2021-09-17,6
Amazon,6993,2021-09-25,6
Amazon,6993,2021-10-01,6
Amazon,6993,2021-10-09,6
Amazon,6993,2021-10-17,6
Amazon,6993,2021-10-25,6
Amazon,6993,2021-11-01,6
Amazon,6993,2021-11-09,6
Amazon,6993,2021-11-17,6
Amazon,6993,2021-11-25,6
Amazon,6993,2021-12-01,6
Amazon,6993,2021-12-09,6
Amazon,6993,2021-12-17,6
Amazon,6993,2021-12-25,6
Amazon,6993,2022-01-01,6
Amazon,6993,2022-01-09,6
Amazon,6993,2022-01-17,6
Amazon,6993,2022-01-25,6
Amazon,6993,2022-02-01,6
Amazon,6993,2022-02-09,6
Amazon,6993,2022-02-17,6
Amazon,6993,2022-02-25,6
Amazon,6993,2022-03-01,6
Amazon,6993,2022-03-09,6
Amazon,6993,2022-03-17,6
Amazon,6993,2022-03-25,6
Amazon,6993,2022-04-01,6
Amazon,6993,2022-04-09,6
Amazon,6993,2022-04-17,6
Amazon,6993,2022-04-25,6
Amazon,6993,2022-05-09,6
Amazon,6993,2022-05-17,6
Amazon,6993,2022-05-25,6
Amazon,6993,2022-06-01,6
Amazon,6993,2022-06-09,6
Amazon,6993,2022-06-17,6
Amazon,6993,2022-06-25,6
Amazon,6993,2022-07-01,6
Amazon,6993,2022-07-09,6
Amazon,6993,2022-07-17,6
Amazon,6993,2022-07-25,6
Amazon,6993,2022-08-01,6
Amazon,6993,2022-08-09,6
Amazon,6993,2022-08-17,6
Amazon,6993,2022-08-25,6
Amazon,6993,2022-09-01,6
Amazon,6993,2022-09-09,6
Amazon,6993,2022-09-17,6
Amazon,6993,2022-09-25,6
Amazon,6993,2022-10-25,6
Amazon,6993,2022-11-01,6
Amazon,6993,2022-11-09,6
Amazon,6993,2022-11-17,6
Amazon,6993,2022-11-25,6
Amazon,6993,2022-12-01,6
Amazon,6993,2022-12-09,6
Amazon,6993,2022-12-17,6
Amazon,6993,2022-12-25,6
Amazon,6993,2023-01-01,6
Amazon,6993,2023-01-09,6
Amazon,6993,2023-01-17,6
Amazon,6993,2023-01-25,6
Amazon,6993,2023-02-01,6
Amazon,6993,2023-02-09,6
Amazon,6993,2023-02-17,6
Amazon,6993,2023-02-25,6
Amazon,6993,2023-03-01,6
Amazon,6993,2023-03-09,6
Amazon,6993,2023-03-17,6
Amazon,6993,2023-03-25,6
Amazon,6993,2023-04-01,6
Amazon,6993,2023-04-09,6
Amazon,6993,2023-04-17,6
Amazon,6993,2023-04-25,6
Amazon,6993,2023-05-01,6
Amazon,6993,2023-05-09,6
Amazon,6993,2023-05-17,6
Amazon,6993,2023-05-25,6
Amazon,6993,2023-06-01,6
Amazon,6993,2023-06-09,6
Amazon,6993,2023-06-17,6
Amazon,6993,2023-06-25,6
Amazon,6993,2023-07-01,6
Amazon,6993,2023-07-09,6
Amazon,6993,2023-07-17,6
Amazon,6993,2023-07-25,6
Amazon,6993,2023-08-01,6
Amazon,6993,2023-08-09,6
Amazon,6993,2023-08-17,6
Amazon,6993,2023-08-25,6
Amazon,6993,2023-09-01,6
Amazon,6993,2023-09-09,6
Amazon,6993,2023-09-17,6
Amazon,6993,2023-09-25,6
Amazon,6993,2023-10-01,6
Amazon,6993,2023-10-09,6
Amazon,6993,2023-10-17,6
Amazon,6993,2023-10-25,6
Amazon,6993,2023-11-01,6
Amazon,6293,2023-11-09,6
Amazon,6293,2023-11-17,6
Amazon,6293,2023-11-25,6
Amazon,6293,2023-12-01,6
Amazon,6293,2023-12-09,6
Amazon,6293,2023-12-17,6
Amazon,6293,2023-12-25,6
Amazon,6293,2024-01-01,6
Amazon,6993,2024-01-09,6
Amazon,6993,2024-01-17,6
Amazon,6993,2024-01-25,6
Amazon,6993,2024-02-01,6
Amazon,6993,2024-02-09,6
Amazon,6993,2024-02-17,6
Amazon,6993,2024-02-25,6
Amazon,6993,2024-03-01,6
Amazon,6993,2024-03-09,6
Amazon,6993,2024-03-17,6
Amazon,6993,2024-03-25,6
Amazon,6993,2024-04-01,6
Amazon,6993,2024-04-09,6
Amazon,6993,2024-04-17,6
Amazon,6293,2024-04-25,6
Amazon,6293,2024-05-01,6
Amazon,6293,2024-05-09,6
Amazon,6293,2024-05-17,6
Amazon,6293,2024-05-25,6
Amazon,6293,2024-06-01,6
Amazon,6293,2024-06-09,6
Amazon,6293,2024-06-17,6
Amazon,6293,2024-06-25,6
Amazon,6293,2024-07-01,6
Amazon,6293,2024-07-09,6
JD,4999,2019-07-09,5
JD,7577,2023-06-01,5
JD,6779,2023-06-09,5
JD,6779,2023-06-17,5
JD,6799,2023-06-25,5
JD,6999,2023-07-01,5
JD,6999,2023-07-09,5
JD,6999,2023-07-17,5
JD,6999,2023-07-25,5
JD,6999,2023-08-01,5
JD,6699,2023-08-09,5
JD,6699,2023-08-17,5
JD,6699,2023-08-25,5
JD,6699,2023-09-01,5
JD,6699,2023-09-09,5
JD,6699,2023-09-17,5
JD,6699,2023-09-25,5
JD,6699,2023-10-01,5
JD,6699,2023-10-09,5
JD,6699,2023-10-17,5
JD,6699,2023-10-25,5
JD,6899,2023-11-01,5
JD,6699,2023-11-09,5
JD,6699,2023-11-17,5
JD,6699,2023-11-25,5
JD,6899,2023-12-01,5
JD,6899,2023-12-09,5
JD,6699,2023-12-17,5
JD,6699,2023-12-25,5
JD,6699,2024-01-01,5
JD,6699,2024-01-09,5
JD,6699,2024-01-17,5
JD,6899,2024-01-25,5
JD,6899,2024-02-01,5
JD,6899,2024-02-09,5
JD,6899,2024-02-17,5
JD,6899,2024-02-25,5
JD,6899,2024-03-01,5
JD,6899,2024-03-09,5
JD,6899,2024-03-17,5
JD,7399,2024-03-25,5
JD,7399,2024-04-01,5
JD,7399,2024-04-09,5
JD,7399,2024-04-17,5
JD,7399,2024-04-25,5
JD,7399,2024-05-01,5
JD,7577,2024-05-09,5
JD,7577,2024-05-17,5
JD,7577,2024-05-25,5
JD,7577,2024-06-01,5
JD,7577,2024-06-09,5
JD,7577,2024-06-17,5
JD,7577,2024-06-25,5
JD,7577,2024-07-01,5
JD,7577,2024-07-09,5
JD,7577,2024-07-17,5
JD,7577,2024-07-25,5
JD,7577,2024-08-01,5
TB,4849,2023-06-01,5
TB,4849,2023-06-09,5
TB,4849,2023-06-17,5
TB,4849,2023-06-25,5
TB,4849,2023-07-01,5
TB,4849,2023-07-09,5
TB,5149,2023-07-17,5
TB,5149,2023-07-25,5
TB,5149,2023-08-01,5
TB,5288,2023-08-09,5
TB,5288,2023-08-17,5
TB,5088,2023-08-25,5
TB,5088,2023-09-01,5
TB,5088,2023-09-09,5
TB,5088,2023-09-17,5
TB,5088,2023-09-25,5
TB,5088,2023-10-01,5
TB,5088,2023-10-09,5
TB,5088,2023-10-17,5
TB,5088,2023-10-25,5
TB,5088,2023-11-01,5
TB,5088,2023-11-09,5
TB,5088,2023-11-17,5
TB,5088,2023-11-25,5
TB,5088,2023-12-01,5
TB,5088,2023-12-09,5
TB,5088,2023-12-17,5
TB,5088,2023-12-25,5
TB,5088,2024-01-01,5
TB,5399,2024-01-09,5
TB,5399,2024-01-17,5
TB,5399,2024-01-25,5
TB,5399,2024-02-01,5
TB,5399,2024-02-09,5
TB,5399,2024-02-17,5
TB,5399,2024-02-25,5
TB,5399,2024-03-01,5
TB,5399,2024-03-09,5
TB,5399,2024-03-17,5
TB,5399,2024-03-25,5
TB,5399,2024-04-01,5
TB,5399,2024-04-09,5
TB,5399,2024-04-17,5
TB,5399,2024-04-25,5
TB,5399,2024-05-01,5
TB,5399,2024-05-09,5
TB,5399,2024-05-17,5
TB,5399,2024-05-25,5
TB,5399,2024-06-01,5
TB,5399,2024-06-09,5
TB,5399,2024-06-17,5
TB,5399,2024-06-25,5
TB,5399,2024-07-01,5
TB,5399,2024-07-09,5
TB,5399,2024-07-17,5
TB,5399,2024-07-25,5
TB,5399,2024-08-01,5
JD,2899,2018-07-31,4
JD,4499,2023-06-01,4
JD,4499,2023-06-09,4
JD,4479,2023-06-17,4
JD,4399,2023-06-25,4
JD,4599,2023-07-01,4
JD,4499,2023-07-09,4
JD,3999,2023-07-17,4
JD,5599,2023-07-25,4
JD,4199,2023-08-01,4
JD,4299,2023-08-09,4
JD,4499,2023-08-17,4
JD,4599,2023-08-25,4
JD,4399,2023-09-01,4
JD,4199,2023-09-09,4
JD,4599,2023-09-17,4
JD,4199,2023-09-25,4
JD,4199,2023-10-01,4
JD,4069,2023-10-09,4
JD,4069,2023-10-17,4
JD,4199,2023-10-25,4
JD,4099,2023-11-01,4
JD,4099,2023-11-09,4
JD,3999,2023-11-17,4
JD,4299,2023-11-25,4
JD,4599,2023-12-01,4
JD,4699,2023-12-09,4
JD,4499,2023-12-17,4
JD,4499,2023-12-25,4
JD,4399,2024-01-01,4
JD,4399,2024-01-09,4
JD,4399,2024-01-17,4
JD,4099,2024-01-25,4
JD,4099,2024-02-01,4
JD,3899,2024-02-09,4
JD,3999,2024-02-17,4
JD,3899,2024-02-25,4
JD,4099,2024-03-01,4
JD,4099,2024-03-09,4
JD,4199,2024-03-17,4
JD,4099,2024-03-25,4
JD,4199,2024-04-01,4
JD,3999,2024-04-09,4
JD,4099,2024-04-17,4
JD,4299,2024-04-25,4
JD,4399,2024-05-01,4
JD,4299,2024-05-09,4
JD,4199,2024-05-17,4
JD,4099,2024-05-25,4
JD,4199,2024-06-01,4
JD,4299,2024-06-09,4
JD,4299,2024-06-17,4
JD,1099,2024-06-25,4
JD,4399,2024-07-01,4
JD,4399,2024-07-09,4
JD,4799,2024-07-17,4
JD,4799,2024-07-25,4
JD,4799,2024-08-01,4
TB,4569,2023-06-01,4
TB,4569,2023-06-09,4
TB,4569,2023-06-17,4
TB,4569,2023-06-25,4
TB,4569,2023-07-01,4
TB,4569,2023-07-09,4
TB,4569,2023-07-17,4
TB,4569,2023-07-25,4
TB,4569,2023-08-01,4
TB,4569,2023-08-09,4
TB,3969,2023-08-17,4
TB,4569,2023-08-25,4
TB,4569,2023-09-01,4
TB,4569,2023-09-09,4
TB,4569,2023-09-17,4
TB,4569,2023-09-25,4
TB,4569,2023-10-01,4
TB,4569,2023-10-09,4
TB,4569,2023-10-17,4
TB,4569,2023-10-25,4
TB,4159,2023-11-01,4
TB,4188,2023-11-09,4
TB,4409,2023-11-17,4
TB,4409,2023-11-25,4
TB,5009,2023-12-01,4
TB,4770,2023-12-09,4
TB,5370,2023-12-17,4
TB,4608,2023-12-25,4
TB,5370,2024-01-01,4
TB,5370,2024-01-09,4
TB,5370,2024-01-17,4
TB,5370,2024-01-25,4
TB,5370,2024-02-01,4
TB,5370,2024-02-09,4
TB,5370,2024-02-17,4
TB,5370,2024-02-25,4
TB,5370,2024-03-01,4
TB,5370,2024-03-09,4
TB,5370,2024-03-17,4
TB,5370,2024-03-25,4
TB,5370,2024-04-01,4
TB,5370,2024-04-09,4
TB,5370,2024-04-17,4
TB,5370,2024-04-25,4
TB,5370,2024-05-01,4
TB,5370,2024-05-09,4
TB,4187,2024-05-17,4
TB,4936,2024-05-25,4
TB,4936,2024-06-01,4
TB,4936,2024-06-09,4
TB,4936,2024-06-17,4
TB,4936,2024-06-25,4
TB,4936,2024-07-01,4
TB,4936,2024-07-09,4
TB,4936,2024-07-17,4
TB,4936,2024-07-25,4
TB,4936,2024-08-01,4
Amazon,2793,2019-02-17,4
Amazon,2793,2019-02-25,4
Amazon,2793,2019-03-01,4
Amazon,2793,2019-03-09,4
Amazon,2793,2019-03-17,4
Amazon,2793,2019-03-25,4
Amazon,2793,2019-04-01,4
Amazon,2793,2019-04-09,4
Amazon,2793,2019-04-17,4
Amazon,2793,2019-04-25,4
Amazon,2653,2019-05-01,4
Amazon,2653,2019-05-09,4
Amazon,2653,2019-05-17,4
Amazon,2653,2019-05-25,4
Amazon,2653,2019-06-01,4
Amazon,2653,2019-06-09,4
Amazon,2653,2019-06-17,4
Amazon,2653,2019-06-25,4
Amazon,2793,2019-07-01,4
Amazon,2793,2019-07-09,4
Amazon,2793,2019-07-17,4
Amazon,2793,2019-07-25,4
Amazon,2793,2019-08-01,4
Amazon,2793,2019-08-09,4
Amazon,2793,2019-08-17,4
Amazon,2793,2019-08-25,4
Amazon,2793,2019-09-01,4
Amazon,2793,2019-09-09,4
Amazon,2793,2019-09-17,4
Amazon,2793,2019-09-25,4
Amazon,2793,2019-10-01,4
Amazon,2793,2019-10-09,4
Amazon,2793,2019-10-17,4
Amazon,2793,2019-10-25,4
Amazon,2793,2019-11-01,4
Amazon,2793,2019-11-09,4
Amazon,2793,2019-11-17,4
Amazon,2793,2019-12-25,4
Amazon,2793,2019-12-01,4
Amazon,2793,2019-12-09,4
Amazon,2793,2019-12-17,4
Amazon,2793,2019-12-25,4
Amazon,2793,2020-01-01,4
Amazon,2793,2020-01-09,4
Amazon,2793,2020-01-17,4
Amazon,2793,2020-01-25,4
Amazon,2793,2020-02-01,4
Amazon,2793,2020-02-09,4
Amazon,2793,2020-02-17,4
Amazon,2793,2020-02-25,4
Amazon,2793,2020-03-01,4
Amazon,2793,2020-03-09,4
Amazon,2793,2020-03-17,4
Amazon,2793,2020-03-25,4
Amazon,2793,2020-04-01,4
Amazon,2793,2020-04-09,4
Amazon,2793,2020-04-17,4
Amazon,2793,2020-04-25,4
Amazon,2793,2020-05-01,4
Amazon,2793,2020-05-09,4
Amazon,2793,2020-05-17,4
Amazon,2793,2020-05-25,4
Amazon,2793,2020-06-01,4
Amazon,2793,2020-06-09,4
Amazon,2793,2020-06-17,4
Amazon,2793,2020-06-25,4
Amazon,2793,2020-07-01,4
Amazon,2793,2020-07-09,4
Amazon,2793,2020-07-17,4
Amazon,2793,2020-07-25,4
Amazon,2793,2020-08-01,4
Amazon,2793,2020-08-09,4
Amazon,2793,2020-08-17,4
Amazon,2793,2020-08-25,4
Amazon,2793,2020-09-01,4
Amazon,2793,2020-09-09,4
Amazon,2793,2020-09-17,4
Amazon,2793,2020-09-25,4
Amazon,2793,2020-10-01,4
Amazon,2793,2020-10-09,4
Amazon,2793,2020-10-17,4
Amazon,2793,2020-10-25,4
Amazon,2793,2020-11-01,4
Amazon,2793,2020-11-09,4
Amazon,2793,2020-11-17,4
Amazon,2443,2020-11-25,4
Amazon,2443,2020-12-01,4
Amazon,2443,2020-12-09,4
Amazon,2443,2020-12-17,4
Amazon,2443,2020-12-25,4
Amazon,2443,2021-01-01,4
Amazon,2443,2021-01-09,4
Amazon,2793,2021-01-17,4
Amazon,2793,2021-01-25,4
Amazon,2793,2021-02-01,4
Amazon,2793,2021-02-09,4
Amazon,2793,2021-02-17,4
Amazon,2793,2021-02-25,4
Amazon,2793,2021-03-01,4
Amazon,2793,2021-03-09,4
Amazon,2793,2021-03-17,4
Amazon,2793,2021-03-25,4
Amazon,2793,2021-04-01,4
Amazon,2793,2021-04-09,4
Amazon,2793,2021-04-17,4
Amazon,2793,2021-04-25,4
Amazon,2793,2021-05-01,4
Amazon,2793,2021-05-09,4
Amazon,2793,2021-05-17,4
Amazon,2793,2021-05-25,4
Amazon,2793,2021-06-01,4
Amazon,2793,2021-06-09,4
Amazon,2793,2021-06-17,4
Amazon,2793,2021-06-25,4
Amazon,2793,2021-07-01,4
Amazon,2793,2021-07-09,4
Amazon,2793,2021-07-17,4
Amazon,2793,2021-07-25,4
Amazon,2793,2021-08-01,4
Amazon,2793,2021-08-09,4
Amazon,2793,2021-08-17,4
Amazon,2793,2021-08-25,4
Amazon,2793,2021-09-01,4
Amazon,2793,2021-09-09,4
Amazon,2793,2021-09-17,4
Amazon,2793,2021-09-25,4
Amazon,2793,2021-10-01,4
Amazon,2793,2021-10-09,4
Amazon,2793,2021-10-17,4
Amazon,2793,2021-10-25,4
Amazon,2793,2021-11-01,4
Amazon,2793,2021-11-09,4
Amazon,2793,2021-11-17,4
Amazon,2793,2021-11-25,4
Amazon,2793,2021-12-01,4
Amazon,2793,2021-12-09,4
Amazon,2793,2021-12-17,4
Amazon,2793,2021-12-25,4
Amazon,2793,2022-01-01,4
Amazon,2793,2022-01-09,4
Amazon,2793,2022-01-17,4
Amazon,2793,2022-01-25,4
Amazon,2793,2022-02-01,4
Amazon,2793,2022-02-09,4
Amazon,2793,2022-02-17,4
Amazon,2793,2022-02-25,4
Amazon,2793,2022-03-01,4
Amazon,2793,2022-03-09,4
Amazon,2793,2022-03-17,4
Amazon,2793,2022-03-25,4
Amazon,2793,2022-09-25,4
Amazon,2793,2022-10-01,4
Amazon,3493,2022-10-09,4
Amazon,2912,2022-10-17,4
Amazon,2912,2022-10-25,4
Amazon,2800,2022-11-01,4
Amazon,3500,2022-11-09,4
Amazon,3486,2022-11-17,4
Amazon,2800,2022-11-25,4
Amazon,3395,2022-12-01,4
Amazon,2793,2022-12-09,4
Amazon,3003,2022-12-17,4
Amazon,3003,2022-12-25,4
Amazon,2800,2023-01-01,4
Amazon,2800,2023-01-09,4
Amazon,2800,2023-01-17,4
Amazon,2800,2023-01-25,4
Amazon,2800,2023-02-01,4
Amazon,3500,2023-02-09,4
Amazon,2800,2023-02-17,4
Amazon,3500,2023-02-25,4
Amazon,2800,2023-03-01,4
Amazon,2800,2023-03-17,4
Amazon,3500,2023-03-25,4
Amazon,3773,2023-07-25,4
Amazon,3500,2023-08-01,4
Amazon,3500,2023-09-09,4
Amazon,3787,2023-09-17,4
Amazon,3003,2023-09-25,4
Amazon,3003,2023-10-01,4
Amazon,3318,2023-10-25,4
Amazon,3094,2023-11-25,4
Amazon,3094,2023-12-01,4
Amazon,3094,2023-12-09,4
Amazon,3094,2023-12-17,4
Amazon,3283,2023-12-25,4
Amazon,3535,2024-01-01,4
Amazon,3535,2024-01-09,4
Amazon,3535,2024-01-17,4
Amazon,3535,2024-01-25,4
Amazon,3003,2024-02-01,4
Amazon,3633,2024-02-09,4
Amazon,3633,2024-02-17,4
Amazon,3493,2024-02-25,4
Amazon,3493,2024-03-01,4
Amazon,3353,2024-03-09,4
Amazon,3353,2024-03-25,4
Amazon,3360,2024-04-01,4
Amazon,3360,2024-04-09,4
Amazon,3360,2024-04-17,4
Amazon,3360,2024-04-25,4
Amazon,3360,2024-05-01,4
Amazon,3535,2024-05-09,4
Amazon,3360,2024-05-17,4
Amazon,3360,2024-05-25,4
Amazon,3360,2024-06-01,4
Amazon,3360,2024-06-09,4
Amazon,4060,2024-06-17,4
Amazon,3360,2024-06-25,4
Amazon,3360,2024-07-01,4
Amazon,4032,2024-07-09,4
JD,1999,2016-01-06,3
JD,2999,2023-06-01,3
JD,2579,2023-06-09,3
JD,2579,2023-06-17,3
JD,2699,2023-06-25,3
JD,2699,2023-07-01,3
JD,2799,2023-07-09,3
JD,2899,2023-07-17,3
JD,2899,2023-07-25,3
JD,2899,2023-08-01,3
JD,2899,2023-08-09,3
JD,2899,2023-08-17,3
JD,2899,2023-08-25,3
JD,2899,2023-09-01,3
JD,2899,2023-09-09,3
JD,2799,2023-09-17,3
JD,2699,2023-09-25,3
JD,2899,2023-10-01,3
JD,2899,2023-10-09,3
JD,2899,2023-10-17,3
JD,2899,2023-10-25,3
JD,2899,2023-11-01,3
JD,2899,2023-11-09,3
JD,2899,2023-11-17,3
JD,2899,2023-11-25,3
JD,2699,2023-12-01,3
JD,2699,2023-12-09,3
JD,3000,2023-12-17,3
JD,3200,2023-12-25,3
JD,3200,2024-01-01,3
JD,3200,2024-01-09,3
JD,3200,2024-01-17,3
JD,3200,2024-01-25,3
JD,3200,2024-02-01,3
JD,3200,2024-02-09,3
JD,3200,2024-02-17,3
JD,3200,2024-02-25,3
JD,2699,2024-03-01,3
JD,2699,2024-03-09,3
JD,2999,2024-03-17,3
JD,3199,2024-03-25,3
JD,3399,2024-04-01,3
JD,3599,2024-04-09,3
JD,3599,2024-04-17,3
JD,3699,2024-04-25,3
JD,3899,2024-05-01,3
JD,4199,2024-05-09,3
JD,4599,2024-05-17,3
JD,4799,2024-05-25,3
JD,4599,2024-06-01,3
JD,4599,2024-06-09,3
JD,4599,2024-06-17,3
JD,4199,2024-06-25,3
JD,3499,2024-07-01,3
JD,3399,2024-07-09,3
JD,3199,2024-07-17,3
JD,3099,2024-07-25,3
JD,2899,2024-08-01,3
TB,2969,2023-06-01,3
TB,2969,2023-06-09,3
TB,2969,2023-06-17,3
TB,2969,2023-06-25,3
TB,2969,2023-07-01,3
TB,2969,2023-07-09,3
TB,2969,2023-07-17,3
TB,2969,2023-07-25,3
TB,2969,2023-08-01,3
TB,2969,2023-08-09,3
TB,2969,2023-08-17,3
TB,2969,2023-08-25,3
TB,2369,2023-09-01,3
TB,2369,2023-09-09,3
TB,2489,2023-09-17,3
TB,2489,2023-09-25,3
TB,2489,2023-10-01,3
TB,2489,2023-10-09,3
TB,2489,2023-10-17,3
TB,2489,2023-10-25,3
TB,2489,2023-11-01,3
TB,2388,2023-11-09,3
TB,2739,2023-11-17,3
TB,2739,2023-11-25,3
TB,2489,2023-12-01,3
TB,2489,2023-12-09,3
TB,3339,2023-12-17,3
TB,2489,2023-12-25,3
TB,3089,2024-01-01,3
TB,3089,2024-01-09,3
TB,3089,2024-01-17,3
TB,3089,2024-01-25,3
TB,3089,2024-02-01,3
TB,3089,2024-02-09,3
TB,3089,2024-02-17,3
TB,3089,2024-02-25,3
TB,3089,2024-03-01,3
TB,3089,2024-03-09,3
TB,3089,2024-03-17,3
TB,3089,2024-03-25,3
TB,3089,2024-04-01,3
TB,3089,2024-04-09,3
TB,3089,2024-04-17,3
TB,3089,2024-04-25,3
TB,3089,2024-05-01,3
TB,3089,2024-05-09,3
TB,3089,2024-05-17,3
TB,3089,2024-05-25,3
TB,3089,2024-06-01,3
TB,3089,2024-06-09,3
TB,3089,2024-06-17,3
TB,3089,2024-06-25,3
TB,3089,2024-07-01,3
TB,3089,2024-07-09,3
TB,3089,2024-07-17,3
TB,3089,2024-07-25,3
TB,3089,2024-08-01,3
JD,20999,2023-08-29,28
JD,20999,2023-09-09,28
JD,20999,2023-09-17,28
JD,20999,2023-09-25,28
JD,20999,2023-10-01,28
JD,20999,2023-10-09,28
JD,20999,2023-10-17,28
JD,20999,2023-10-25,28
JD,20999,2023-11-01,28
JD,20494,2023-11-09,28
JD,20999,2023-11-17,28
JD,20999,2023-11-25,28
JD,20999,2023-12-01,28
JD,20299,2023-12-09,28
JD,20299,2023-12-17,28
JD,20299,2023-12-25,28
JD,19999,2024-01-01,28
JD,19999,2024-01-09,28
JD,19999,2024-01-17,28
JD,19999,2024-01-25,28
JD,19999,2024-02-01,28
JD,19499,2024-02-09,28
JD,19499,2024-02-17,28
JD,19499,2024-02-25,28
JD,19499,2024-03-01,28
JD,19499,2024-03-09,28
JD,19499,2024-03-17,28
JD,19499,2024-03-25,28
JD,20999,2024-04-01,28
JD,19999,2024-04-09,28
JD,19999,2024-04-17,28
JD,19999,2024-04-25,28
JD,19999,2024-05-01,28
JD,19999,2024-05-09,28
JD,19999,2024-05-17,28
JD,19999,2024-05-25,28
JD,19999,2024-06-01,28
JD,19999,2024-06-09,28
JD,19999,2024-06-17,28
JD,19999,2024-06-25,28
JD,20599,2024-07-01,28
JD,20599,2024-07-09,28
JD,20599,2024-07-17,28
JD,20599,2024-07-25,28
TB,20999,2023-08-29,28
TB,20999,2023-09-09,28
TB,20999,2023-09-17,28
TB,20999,2023-09-25,28
TB,20999,2023-10-01,28
TB,20999,2023-10-09,28
TB,20999,2023-10-17,28
TB,20999,2023-10-25,28
TB,20999,2023-11-01,28
TB,20999,2023-11-09,28
TB,20999,2023-11-17,28
TB,20999,2023-11-25,28
TB,20999,2023-12-01,28
TB,20999,2023-12-09,28
TB,20999,2023-12-17,28
TB,20999,2023-12-25,28
TB,20999,2024-01-01,28
TB,20999,2024-01-09,28
TB,20999,2024-01-17,28
TB,20999,2024-01-25,28
TB,20999,2024-02-01,28
TB,20999,2024-02-09,28
TB,20999,2024-02-17,28
TB,20999,2024-02-25,28
TB,20999,2024-03-01,28
TB,20999,2024-03-09,28
TB,20999,2024-03-17,28
TB,20999,2024-03-25,28
TB,20999,2024-04-01,28
TB,20999,2024-04-09,28
TB,20999,2024-04-17,28
TB,20999,2024-04-25,28
TB,20999,2024-05-01,28
TB,20588,2024-05-09,28
TB,20588,2024-05-17,28
TB,20588,2024-05-25,28
TB,20588,2024-06-01,28
TB,20588,2024-06-09,28
TB,20588,2024-06-17,28
TB,20588,2024-06-25,28
TB,20588,2024-07-01,28
TB,20588,2024-07-09,28
TB,20588,2024-07-17,28
TB,20588,2024-07-25,28
Amazon,20986,2023-08-29,28
Amazon,20986,2023-09-09,28
Amazon,20986,2023-09-17,28
Amazon,20986,2023-09-25,28
Amazon,20986,2023-10-01,28
Amazon,20986,2023-10-09,28
Amazon,20986,2023-10-17,28
Amazon,20986,2023-10-25,28
Amazon,20986,2023-11-01,28
Amazon,20986,2023-11-09,28
Amazon,20986,2023-11-17,28
Amazon,20986,2023-11-25,28
Amazon,20986,2023-12-01,28
Amazon,20986,2023-12-09,28
Amazon,20986,2023-12-17,28
Amazon,20986,2023-12-25,28
Amazon,20986,2024-01-01,28
Amazon,20986,2024-01-09,28
Amazon,20986,2024-01-17,28
Amazon,20986,2024-01-25,28
Amazon,20986,2024-02-01,28
Amazon,20986,2024-02-09,28
Amazon,20986,2024-02-17,28
Amazon,20986,2024-02-25,28
Amazon,20986,2024-03-01,28
Amazon,20986,2024-03-09,28
Amazon,20986,2024-03-17,28
Amazon,20986,2024-03-25,28
Amazon,20986,2024-04-01,28
Amazon,20986,2024-04-09,28
Amazon,20986,2024-04-17,28
Amazon,20986,2024-04-25,28
Amazon,20986,2024-05-01,28
Amazon,20986,2024-05-09,28
Amazon,20986,2024-05-17,28
Amazon,20986,2024-05-25,28
Amazon,20986,2024-06-01,28
Amazon,20986,2024-06-09,28
Amazon,20986,2024-06-17,28
Amazon,20986,2024-06-25,28
Amazon,20986,2024-07-01,28
Amazon,20986,2024-07-09,28
Amazon,20986,2024-07-17,28
Amazon,20986,2024-07-25,28
JD,15499,2017-10-25,30
JD,14799,2023-07-17,30
JD,14799,2023-07-25,30
JD,14699,2023-08-01,30
JD,14699,2023-08-09,30
JD,14499,2023-08-17,30
JD,14499,2023-08-25,30
JD,14499,2023-09-01,30
JD,14499,2023-09-09,30
JD,14499,2023-09-17,30
JD,14499,2023-09-25,30
JD,15499,2023-10-01,30
JD,15499,2023-10-09,30
JD,15499,2023-10-17,30
JD,15499,2023-10-25,30
JD,14919,2023-11-01,30
JD,14493,2023-11-09,30
JD,15499,2023-11-17,30
JD,15499,2023-11-25,30
JD,15499,2023-12-01,30
JD,15499,2023-12-09,30
JD,15250,2023-12-17,30
JD,15250,2023-12-25,30
JD,15499,2024-01-01,30
JD,15499,2024-01-09,30
JD,15499,2024-01-17,30
JD,15499,2024-01-25,30
JD,15499,2024-02-01,30
JD,15499,2024-02-09,30
JD,15499,2024-02-17,30
JD,15499,2024-02-25,30
JD,15499,2024-03-01,30
JD,15499,2024-03-09,30
JD,15499,2024-03-17,30
JD,15499,2024-03-25,30
JD,15499,2024-04-01,30
JD,15499,2024-04-09,30
JD,15499,2024-04-17,30
JD,15499,2024-04-25,30
JD,15499,2024-05-01,30
JD,15499,2024-05-09,30
JD,15499,2024-05-17,30
JD,14681,2024-05-25,30
JD,14681,2024-06-01,30
JD,14681,2024-06-09,30
JD,14681,2024-06-17,30
JD,14681,2024-06-25,30
JD,15899,2024-07-01,30
JD,15899,2024-07-09,30
JD,15899,2024-07-17,30
JD,15899,2024-07-25,30
TB,14799,2023-07-25,30
TB,14799,2023-08-01,30
TB,14799,2023-08-09,30
TB,14799,2023-08-17,30
TB,14499,2023-08-25,30
TB,14499,2023-09-01,30
TB,14499,2023-09-09,30
TB,14499,2023-09-17,30
TB,14499,2023-09-25,30
TB,14499,2023-10-01,30
TB,14499,2023-10-09,30
TB,14499,2023-10-17,30
TB,15499,2023-10-25,30
TB,15499,2023-11-01,30
TB,15499,2023-11-09,30
TB,15499,2023-11-17,30
TB,15499,2023-11-25,30
TB,15499,2023-12-01,30
TB,15499,2023-12-09,30
TB,15499,2023-12-17,30
TB,15250,2023-12-25,30
TB,15250,2024-01-01,30
TB,15250,2024-01-09,30
TB,15250,2024-01-17,30
TB,15499,2024-01-25,30
TB,15499,2024-02-01,30
TB,15499,2024-02-09,30
TB,15499,2024-02-17,30
TB,15499,2024-02-25,30
TB,15499,2024-03-01,30
TB,15499,2024-03-09,30
TB,15499,2024-03-17,30
TB,15499,2024-03-25,30
TB,15499,2024-04-01,30
TB,15499,2024-04-09,30
TB,15499,2024-04-17,30
TB,15499,2024-04-25,30
TB,15499,2024-05-01,30
TB,15499,2024-05-09,30
TB,15499,2024-05-17,30
TB,15499,2024-05-25,30
TB,15499,2024-06-01,30
TB,15499,2024-06-09,30
TB,15499,2024-06-17,30
TB,14681,2024-06-25,30
TB,14681,2024-07-01,30
TB,14682,2024-07-09,30
TB,15899,2024-07-17,30
TB,15899,2024-07-25,30
Amazon,15386,2023-07-25,30
Amazon,13986,2023-08-01,30
Amazon,13986,2023-08-09,30
Amazon,13986,2023-08-17,30
Amazon,15386,2023-08-25,30
Amazon,15386,2023-09-01,30
Amazon,13986,2023-09-09,30
Amazon,13986,2023-09-17,30
Amazon,15386,2023-09-25,30
Amazon,15386,2023-10-01,30
Amazon,15386,2023-10-09,30
Amazon,13986,2023-10-17,30
Amazon,15386,2023-10-25,30
Amazon,15386,2023-11-01,30
Amazon,13986,2023-11-09,30
Amazon,13986,2023-11-17,30
Amazon,13986,2023-11-25,30
Amazon,13986,2023-12-01,30
Amazon,13986,2023-12-09,30
Amazon,13986,2023-12-17,30
Amazon,13986,2023-12-25,30
Amazon,15386,2024-01-01,30
Amazon,15386,2024-01-09,30
Amazon,15386,2024-01-17,30
Amazon,15386,2024-01-25,30
Amazon,13986,2024-02-01,30
Amazon,13986,2024-02-09,30
Amazon,15386,2024-02-17,30
Amazon,15386,2024-02-25,30
Amazon,15386,2024-03-01,30
Amazon,13986,2024-03-09,30
Amazon,13986,2024-03-17,30
Amazon,13986,2024-03-25,30
Amazon,13986,2024-04-01,30
Amazon,15386,2024-04-09,30
Amazon,13986,2024-04-17,30
Amazon,15386,2024-04-25,30
Amazon,15386,2024-05-01,30
Amazon,13986,2024-05-09,30
Amazon,13986,2024-05-17,30
Amazon,13986,2024-05-25,30
Amazon,13986,2024-06-01,30
Amazon,13986,2024-06-09,30
Amazon,15386,2024-06-17,30
Amazon,15386,2024-06-25,30
Amazon,15386,2024-07-01,30
Amazon,15386,2024-07-09,30
Amazon,13986,2024-07-17,30
Amazon,15386,2024-07-25,30
JD,9699,2023-07-12,31
JD,9999,2023-07-17,31
JD,9999,2023-07-25,31
JD,9999,2023-08-01,31
JD,9999,2023-08-09,31
JD,9999,2023-08-17,31
JD,9999,2023-08-25,31
JD,9999,2023-09-01,31
JD,9999,2023-09-09,31
JD,9999,2023-09-17,31
JD,9999,2023-09-25,31
JD,9999,2023-10-01,31
JD,9999,2023-10-09,31
JD,9999,2023-10-17,31
JD,9999,2023-10-25,31
JD,9999,2023-11-01,31
JD,9494,2023-11-09,31
JD,9999,2023-11-17,31
JD,9999,2023-11-25,31
JD,9999,2023-12-01,31
JD,9488,2023-12-09,31
JD,9488,2023-12-17,31
JD,9488,2023-12-25,31
JD,9488,2024-01-01,31
JD,9799,2024-01-09,31
JD,9499,2024-01-17,31
JD,9499,2024-01-25,31
JD,9499,2024-02-01,31
JD,9699,2024-02-09,31
JD,9699,2024-02-17,31
JD,9699,2024-02-25,31
JD,9499,2024-03-01,31
JD,9499,2024-03-09,31
JD,9600,2024-03-17,31
JD,9699,2024-03-25,31
JD,9999,2024-04-01,31
JD,9699,2024-04-09,31
JD,9699,2024-04-17,31
JD,9699,2024-04-25,31
JD,9699,2024-05-01,31
JD,9699,2024-05-09,31
JD,9699,2024-05-17,31
JD,9499,2024-05-25,31
JD,9499,2024-06-01,31
JD,9499,2024-06-09,31
JD,9499,2024-06-17,31
JD,9499,2024-06-25,31
JD,9999,2024-07-01,31
JD,9799,2024-07-09,31
JD,9799,2024-07-17,31
JD,9799,2024-07-25,31
TB,16998,2023-10-25,31
TB,16998,2023-11-01,31
TB,16998,2023-11-09,31
TB,16998,2023-11-17,31
TB,9999,2023-11-25,31
TB,9999,2023-12-01,31
TB,9999,2023-12-09,31
TB,9999,2023-12-17,31
TB,9999,2023-12-25,31
TB,9999,2024-01-01,31
TB,9999,2024-01-09,31
TB,9999,2024-01-17,31
TB,9999,2024-01-25,31
TB,9999,2024-02-01,31
TB,9999,2024-02-09,31
TB,9999,2024-02-17,31
TB,9699,2024-02-25,31
TB,9699,2024-03-01,31
TB,9699,2024-03-09,31
TB,9699,2024-03-17,31
TB,9699,2024-03-25,31
TB,9699,2024-04-01,31
TB,9699,2024-04-09,31
TB,9699,2024-04-17,31
TB,9699,2024-04-25,31
TB,9699,2024-05-01,31
TB,9699,2024-05-09,31
TB,9699,2024-05-17,31
TB,9498,2024-05-25,31
TB,9498,2024-06-01,31
TB,9498,2024-06-09,31
TB,9498,2024-06-17,31
TB,9800,2024-06-25,31
TB,9800,2024-07-01,31
TB,9800,2024-07-09,31
TB,9799,2024-07-17,31
TB,9799,2024-07-25,31
Amazon,12586,2023-10-25,31
Amazon,12586,2023-11-01,31
Amazon,12586,2023-11-09,31
Amazon,12586,2023-11-17,31
Amazon,12586,2023-11-25,31
Amazon,12586,2023-12-01,31
Amazon,12586,2023-12-09,31
Amazon,12586,2023-12-17,31
Amazon,12586,2023-12-25,31
Amazon,12586,2024-01-01,31
Amazon,12586,2024-01-09,31
Amazon,12586,2024-01-17,31
Amazon,12586,2024-01-25,31
Amazon,12586,2024-02-01,31
Amazon,12586,2024-02-09,31
Amazon,12586,2024-02-17,31
Amazon,12586,2024-02-25,31
Amazon,12586,2024-03-01,31
Amazon,12586,2024-03-09,31
Amazon,12586,2024-03-17,31
Amazon,12586,2024-03-25,31
Amazon,12586,2024-04-01,31
Amazon,12586,2024-04-09,31
Amazon,12586,2024-04-17,31
Amazon,12586,2024-04-25,31
Amazon,12586,2024-05-01,31
Amazon,12586,2024-05-09,31
Amazon,12586,2024-05-17,31
Amazon,12586,2024-05-25,31
Amazon,12586,2024-06-01,31
Amazon,12586,2024-06-09,31
Amazon,12586,2024-06-17,31
Amazon,12586,2024-06-25,31
Amazon,12586,2024-07-01,31
Amazon,12586,2024-07-09,31
Amazon,12586,2024-07-17,31
Amazon,12586,2024-07-25,31
JD,13599,2023-03-29,29
JD,15499,2023-07-17,29
JD,15499,2023-07-25,29
JD,15499,2023-08-01,29
JD,15499,2023-08-09,29
JD,15499,2023-08-17,29
JD,15499,2023-08-25,29
JD,14799,2023-09-01,29
JD,14799,2023-09-09,29
JD,15499,2023-09-17,29
JD,15499,2023-09-25,29
JD,15499,2023-10-01,29
JD,15499,2023-10-09,29
JD,15499,2023-10-17,29
JD,14498,2023-10-25,29
JD,14498,2023-11-01,29
JD,15149,2023-11-09,29
JD,14799,2023-11-17,29
JD,14799,2023-11-25,29
JD,14799,2023-12-01,29
JD,14799,2023-12-09,29
JD,14799,2023-12-17,29
JD,14600,2023-12-25,29
JD,14600,2024-01-01,29
JD,14799,2024-01-09,29
JD,14299,2024-01-17,29
JD,14299,2024-01-25,29
JD,14299,2024-02-01,29
JD,14299,2024-02-09,29
JD,14299,2024-02-17,29
JD,14299,2024-02-25,29
JD,14299,2024-03-01,29
JD,14299,2024-03-09,29
JD,14299,2024-03-17,29
JD,14299,2024-03-25,29
JD,14999,2024-04-01,29
JD,14299,2024-04-09,29
JD,14299,2024-04-17,29
JD,14299,2024-04-25,29
JD,14299,2024-05-01,29
JD,14299,2024-05-09,29
JD,14299,2024-05-17,29
JD,14299,2024-05-25,29
JD,13768,2024-06-01,29
JD,13768,2024-06-09,29
JD,13768,2024-06-17,29
JD,13768,2024-06-25,29
JD,13768,2024-07-01,29
JD,14431,2024-07-09,29
JD,14431,2024-07-17,29
JD,14431,2024-07-25,29
TB,15499,2023-07-25,29
TB,15499,2023-08-01,29
TB,15499,2023-08-09,29
TB,15499,2023-08-17,29
TB,15499,2023-08-25,29
TB,15499,2023-09-01,29
TB,15499,2023-09-09,29
TB,15499,2023-09-17,29
TB,15499,2023-09-25,29
TB,15499,2023-10-01,29
TB,15499,2023-10-09,29
TB,15499,2023-10-17,29
TB,15499,2023-10-25,29
TB,15499,2023-11-01,29
TB,15499,2023-11-09,29
TB,15499,2023-11-17,29
TB,15250,2023-11-25,29
TB,15250,2023-12-01,29
TB,15250,2023-12-09,29
TB,15250,2023-12-17,29
TB,15250,2023-12-25,29
TB,15250,2024-01-01,29
TB,15250,2024-01-09,29
TB,15250,2024-01-17,29
TB,15250,2024-01-25,29
TB,15250,2024-02-01,29
TB,15250,2024-02-09,29
TB,15250,2024-02-17,29
TB,14999,2024-02-25,29
TB,14999,2024-03-01,29
TB,14999,2024-03-09,29
TB,14999,2024-03-17,29
TB,15463,2024-03-25,29
TB,15463,2024-04-01,29
TB,15463,2024-04-09,29
TB,15499,2024-04-17,29
TB,15499,2024-04-25,29
TB,15499,2024-05-01,29
TB,15499,2024-05-09,29
TB,13998,2024-05-17,29
TB,13998,2024-05-25,29
TB,13998,2024-06-01,29
TB,13998,2024-06-09,29
TB,13998,2024-06-17,29
TB,13998,2024-06-25,29
TB,13998,2024-07-01,29
TB,13998,2024-07-09,29
TB,13599,2024-07-17,29
TB,13599,2024-07-25,29
JD,5299,2023-05-23,33
JD,5899,2023-07-17,33
JD,5899,2023-07-25,33
JD,5899,2023-08-01,33
JD,5899,2023-08-09,33
JD,5899,2023-08-17,33
JD,5899,2023-08-25,33
JD,5599,2023-09-01,33
JD,5200,2023-09-09,33
JD,5899,2023-09-17,33
JD,5899,2023-09-25,33
JD,5899,2023-10-01,33
JD,5899,2023-10-09,33
JD,5899,2023-10-17,33
JD,5599,2023-10-25,33
JD,5499,2023-11-01,33
JD,5599,2023-11-09,33
JD,5599,2023-11-17,33
JD,5199,2023-11-25,33
JD,5199,2023-12-01,33
JD,5199,2023-12-09,33
JD,5099,2023-12-17,33
JD,5099,2023-12-25,33
JD,5099,2024-01-01,33
JD,5099,2024-01-09,33
JD,5099,2024-01-17,33
JD,5099,2024-01-25,33
JD,5099,2024-02-01,33
JD,5099,2024-02-09,33
JD,5099,2024-02-17,33
JD,5099,2024-02-25,33
JD,5099,2024-03-01,33
JD,5099,2024-03-09,33
JD,5099,2024-03-17,33
JD,5099,2024-03-25,33
JD,5099,2024-04-01,33
JD,5588,2024-04-09,33
JD,5099,2024-04-17,33
JD,5099,2024-04-25,33
JD,5099,2024-05-01,33
JD,5099,2024-05-09,33
JD,5099,2024-05-17,33
JD,5099,2024-05-25,33
JD,5200,2024-06-01,33
JD,5200,2024-06-09,33
JD,5200,2024-06-17,33
JD,5200,2024-06-25,33
JD,5200,2024-07-01,33
JD,5200,2024-07-09,33
JD,5200,2024-07-17,33
JD,5200,2024-07-25,33
TB,5899,2023-07-25,33
TB,5899,2023-08-01,33
TB,5899,2023-08-09,33
TB,5899,2023-08-17,33
TB,5899,2023-08-25,33
TB,5899,2023-09-01,33
TB,5899,2023-09-09,33
TB,5899,2023-09-17,33
TB,5899,2023-09-25,33
TB,5899,2023-10-01,33
TB,5899,2023-10-09,33
TB,5899,2023-10-17,33
TB,5899,2023-10-25,33
TB,5899,2023-11-01,33
TB,5899,2023-11-09,33
TB,5799,2023-11-17,33
TB,5799,2023-11-25,33
TB,5799,2023-12-01,33
TB,5799,2023-12-09,33
TB,5799,2023-12-17,33
TB,5669,2023-12-25,33
TB,5669,2024-01-01,33
TB,5669,2024-01-09,33
TB,5669,2024-01-17,33
TB,5669,2024-01-25,33
TB,5669,2024-02-01,33
TB,5669,2024-02-09,33
TB,5669,2024-02-17,33
TB,5669,2024-02-25,33
TB,5669,2024-03-01,33
TB,5669,2024-03-09,33
TB,5669,2024-03-17,33
TB,5669,2024-03-25,33
TB,5669,2024-04-01,33
TB,5669,2024-04-09,33
TB,5669,2024-04-17,33
TB,5669,2024-04-25,33
TB,5669,2024-05-01,33
TB,5669,2024-05-09,33
TB,5899,2024-05-17,33
TB,5899,2024-05-25,33
TB,5899,2024-06-01,33
TB,5899,2024-06-09,33
TB,5389,2024-06-17,33
TB,5389,2024-06-25,33
TB,5389,2024-07-01,33
TB,5389,2024-07-09,33
TB,5389,2024-07-17,33
TB,5389,2024-07-25,33
Amazon,6286,2023-07-01,33
Amazon,6286,2023-07-09,33
Amazon,6286,2023-07-17,33
Amazon,6286,2023-07-25,33
Amazon,6286,2023-08-01,33
Amazon,6286,2023-08-09,33
Amazon,6286,2023-08-17,33
Amazon,6286,2023-08-25,33
Amazon,6286,2023-09-01,33
Amazon,6286,2023-09-09,33
Amazon,6286,2023-09-17,33
Amazon,6286,2023-09-25,33
Amazon,6286,2023-10-01,33
Amazon,6286,2023-10-09,33
Amazon,6286,2023-10-17,33
Amazon,5599.93,2023-10-25,33
Amazon,5599.93,2023-11-01,33
Amazon,5599.93,2023-11-09,33
Amazon,5599.93,2023-11-17,33
Amazon,6286,2023-11-25,33
Amazon,6286,2023-12-01,33
Amazon,5586,2023-12-09,33
Amazon,5586,2023-12-17,33
Amazon,5586,2023-12-25,33
Amazon,5586,2024-01-01,33
Amazon,6286,2024-01-09,33
Amazon,6286,2024-01-17,33
Amazon,6286,2024-01-25,33
Amazon,6286,2024-02-01,33
Amazon,5586,2024-02-09,33
Amazon,5586,2024-02-17,33
Amazon,6286,2024-02-25,33
Amazon,5586,2024-03-01,33
Amazon,5586,2024-03-09,33
Amazon,5586,2024-03-17,33
Amazon,5586,2024-03-25,33
Amazon,5586,2024-04-01,33
Amazon,5586,2024-04-09,33
Amazon,5586,2024-04-17,33
Amazon,6286,2024-04-25,33
Amazon,6286,2024-05-01,33
Amazon,5586,2024-05-09,33
Amazon,5586,2024-05-17,33
Amazon,5586,2024-05-25,33
Amazon,5586,2024-06-01,33
Amazon,5586,2024-06-09,33
Amazon,6286,2024-06-17,33
Amazon,6286,2024-06-25,33
Amazon,6286,2024-07-01,33
Amazon,6286,2024-07-09,33
Amazon,5586,2024-07-17,33
Amazon,6286,2024-07-25,33
JD,3199,2022-10-13,34
JD,3499,2023-07-17,34
JD,3499,2023-07-25,34
JD,3350,2023-08-01,34
JD,3350,2023-08-09,34
JD,3299,2023-08-17,34
JD,3299,2023-08-25,34
JD,3299,2023-09-01,34
JD,3299,2023-09-09,34
JD,3299,2023-09-17,34
JD,3299,2023-09-25,34
JD,3499,2023-10-01,34
JD,3499,2023-10-09,34
JD,3499,2023-10-17,34
JD,3299,2023-10-25,34
JD,2993,2023-11-01,34
JD,2993,2023-11-09,34
JD,2993,2023-11-17,34
JD,3299,2023-11-25,34
JD,3299,2023-12-01,34
JD,3299,2023-12-09,34
JD,3299,2023-12-17,34
JD,3099,2023-12-25,34
JD,3199,2024-01-01,34
JD,3199,2024-01-09,34
JD,3199,2024-01-17,34
JD,3199,2024-01-25,34
JD,3199,2024-02-01,34
JD,3199,2024-02-09,34
JD,3199,2024-02-17,34
JD,3199,2024-02-25,34
JD,3199,2024-03-01,34
JD,2899,2024-03-09,34
JD,3199,2024-03-17,34
JD,3199,2024-03-25,34
JD,3199,2024-04-01,34
JD,2999,2024-04-09,34
JD,3199,2024-04-17,34
JD,3199,2024-04-25,34
JD,3199,2024-05-01,34
JD,3199,2024-05-09,34
JD,3199,2024-05-17,34
JD,3199,2024-05-25,34
JD,3100,2024-06-01,34
JD,3100,2024-06-09,34
JD,3100,2024-06-17,34
JD,3100,2024-06-25,34
JD,3100,2024-07-01,34
JD,3195,2024-07-09,34
JD,3195,2024-07-17,34
JD,3250,2024-07-25,34
TB,3799,2023-07-25,34
TB,3799,2023-08-01,34
TB,3799,2023-08-09,34
TB,3799,2023-08-17,34
TB,3350,2023-08-25,34
TB,3350,2023-09-01,34
TB,3350,2023-09-09,34
TB,3350,2023-09-17,34
TB,3299,2023-09-25,34
TB,3299,2023-10-01,34
TB,3299,2023-10-09,34
TB,3299,2023-10-17,34
TB,3499,2023-10-25,34
TB,3499,2023-11-01,34
TB,3499,2023-11-09,34
TB,3499,2023-11-17,34
TB,3350,2023-11-25,34
TB,3350,2023-12-01,34
TB,3350,2023-12-09,34
TB,3350,2023-12-17,34
TB,3200,2023-12-25,34
TB,3200,2024-01-01,34
TB,3200,2024-01-09,34
TB,3200,2024-01-17,34
TB,3200,2024-01-25,34
TB,3200,2024-02-01,34
TB,3200,2024-02-09,34
TB,3200,2024-02-17,34
TB,3200,2024-02-25,34
TB,3200,2024-03-01,34
TB,3200,2024-03-09,34
TB,3200,2024-03-17,34
TB,3200,2024-03-25,34
TB,3200,2024-04-01,34
TB,3200,2024-04-09,34
TB,3200,2024-04-17,34
TB,3200,2024-04-25,34
TB,3200,2024-05-01,34
TB,3200,2024-05-09,34
TB,3200,2024-05-17,34
TB,3499,2024-05-25,34
TB,3499,2024-06-01,34
TB,3499,2024-06-09,34
TB,3499,2024-06-17,34
TB,3699,2024-06-25,34
TB,3699,2024-07-01,34
TB,3699,2024-07-09,34
TB,3699,2024-07-17,34
TB,3699,2024-07-25,34
Amazon,3486,2023-05-01,34
Amazon,3486,2023-05-09,34
Amazon,3486,2023-05-17,34
Amazon,3486,2023-05-25,34
Amazon,3486,2023-06-01,34
Amazon,3486,2023-06-09,34
Amazon,3486,2023-06-17,34
Amazon,3486,2023-06-25,34
Amazon,3486,2023-07-01,34
Amazon,3486,2023-07-09,34
Amazon,3486,2023-07-17,34
Amazon,3486,2023-07-25,34
Amazon,3486,2023-08-01,34
Amazon,3486,2023-08-09,34
Amazon,3486,2023-08-17,34
Amazon,3486,2023-08-25,34
Amazon,3486,2023-09-01,34
Amazon,3486,2023-09-09,34
Amazon,3486,2023-09-17,34
Amazon,3486,2023-09-25,34
Amazon,3486,2023-10-01,34
Amazon,3486,2023-10-09,34
Amazon,3486,2023-10-17,34
Amazon,3486,2023-10-25,34
Amazon,3486,2023-11-01,34
Amazon,3486,2023-11-09,34
Amazon,2786,2023-11-17,34
Amazon,2786,2023-11-25,34
Amazon,2786,2023-12-01,34
Amazon,2786,2023-12-09,34
Amazon,2786,2023-12-17,34
Amazon,2786,2023-12-25,34
Amazon,2786,2024-01-01,34
Amazon,3486,2024-01-09,34
Amazon,3486,2024-01-17,34
Amazon,3486,2024-01-25,34
Amazon,3486,2024-02-01,34
Amazon,3486,2024-02-09,34
Amazon,3486,2024-02-17,34
Amazon,3486,2024-02-25,34
Amazon,3486,2024-03-01,34
Amazon,3486,2024-03-09,34
Amazon,2786,2024-03-17,34
Amazon,2786,2024-03-25,34
Amazon,3486,2024-04-01,34
Amazon,2786,2024-04-09,34
Amazon,3486,2024-04-17,34
Amazon,3486,2024-04-25,34
Amazon,3486,2024-05-01,34
Amazon,2786,2024-05-09,34
Amazon,3486,2024-05-17,34
Amazon,3486,2024-05-25,34
Amazon,3486,2024-06-01,34
Amazon,2786,2024-06-09,34
Amazon,2786,2024-06-17,34
Amazon,3486,2024-06-25,34
Amazon,3486,2024-07-01,34
Amazon,3486,2024-07-09,34
Amazon,2786,2024-07-17,34
Amazon,3486,2024-07-25,34
JD,5199,2020-05-26,35
JD,4399,2023-07-17,35
JD,4399,2023-07-25,35
JD,4375,2023-08-01,35
JD,4375,2023-08-09,35
JD,4375,2023-08-17,35
JD,4375,2023-08-25,35
JD,4375,2023-09-01,35
JD,4375,2023-09-09,35
JD,4199,2023-09-17,35
JD,4599,2023-09-25,35
JD,4599,2023-10-01,35
JD,4599,2023-10-09,35
JD,4129,2023-10-17,35
JD,3793,2023-10-25,35
JD,3793,2023-11-01,35
JD,3793,2023-11-09,35
JD,4399,2023-11-17,35
JD,4399,2023-11-25,35
JD,4399,2023-12-01,35
JD,4100,2023-12-09,35
JD,4100,2023-12-17,35
JD,3999,2023-12-25,35
JD,3999,2024-01-01,35
JD,3999,2024-01-09,35
JD,3999,2024-01-17,35
JD,3999,2024-01-25,35
JD,3999,2024-02-01,35
JD,3999,2024-02-09,35
JD,3999,2024-02-17,35
JD,3999,2024-02-25,35
JD,3899,2024-03-01,35
JD,3999,2024-03-09,35
JD,3899,2024-03-17,35
JD,3899,2024-03-25,35
JD,3999,2024-04-01,35
JD,3999,2024-04-09,35
JD,3999,2024-04-17,35
JD,3999,2024-04-25,35
JD,3999,2024-05-01,35
JD,3999,2024-05-09,35
JD,3999,2024-05-17,35
JD,3800,2024-05-25,35
JD,3800,2024-06-01,35
JD,3800,2024-06-09,35
JD,3800,2024-06-17,35
JD,3800,2024-06-25,35
JD,4100,2024-07-01,35
JD,4100,2024-07-09,35
JD,4100,2024-07-17,35
JD,4100,2024-07-25,35
TB,4399,2023-07-25,35
TB,4399,2023-08-01,35
TB,4399,2023-08-09,35
TB,4399,2023-08-17,35
TB,4350,2023-08-25,35
TB,4350,2023-09-01,35
TB,4350,2023-09-09,35
TB,4350,2023-09-17,35
TB,4199,2023-09-25,35
TB,4199,2023-10-01,35
TB,4199,2023-10-09,35
TB,4199,2023-10-17,35
TB,5199,2023-10-25,35
TB,5199,2023-11-01,35
TB,5199,2023-11-09,35
TB,5199,2023-11-17,35
TB,4079,2023-11-25,35
TB,4079,2023-12-01,35
TB,4079,2023-12-09,35
TB,4079,2023-12-17,35
TB,4099,2023-12-25,35
TB,4099,2024-01-01,35
TB,4099,2024-01-09,35
TB,4099,2024-01-17,35
TB,4099,2024-01-25,35
TB,4099,2024-02-01,35
TB,4099,2024-02-09,35
TB,4099,2024-02-17,35
TB,4099,2024-02-25,35
TB,4099,2024-03-01,35
TB,4099,2024-03-09,35
TB,4099,2024-03-17,35
TB,4099,2024-03-25,35
TB,4099,2024-04-01,35
TB,4099,2024-04-09,35
TB,4099,2024-04-17,35
TB,5000,2024-04-25,35
TB,5000,2024-05-01,35
TB,5000,2024-05-09,35
TB,5000,2024-05-17,35
TB,4199,2024-05-25,35
TB,4199,2024-06-01,35
TB,4199,2024-06-09,35
TB,4199,2024-06-17,35
TB,3999,2024-06-25,35
TB,3999,2024-07-01,35
TB,3999,2024-07-09,35
TB,3999,2024-07-17,35
TB,3999,2024-07-25,35
Amazon,5236,2023-05-01,35
Amazon,5236,2023-05-09,35
Amazon,5236,2023-05-17,35
Amazon,5236,2023-05-25,35
Amazon,4886,2023-06-01,35
Amazon,4886,2023-06-09,35
Amazon,4886,2023-06-17,35
Amazon,5236,2023-06-25,35
Amazon,5236,2023-07-01,35
Amazon,4536,2023-07-09,35
Amazon,5236,2023-07-17,35
Amazon,5236,2023-07-25,35
Amazon,4536,2023-08-01,35
Amazon,4536,2023-08-09,35
Amazon,4536,2023-08-17,35
Amazon,5236,2023-08-25,35
Amazon,5236,2023-09-01,35
Amazon,4536,2023-09-09,35
Amazon,4536,2023-09-17,35
Amazon,4536,2023-09-25,35
Amazon,5236,2023-10-01,35
Amazon,5236,2023-10-09,35
Amazon,5236,2023-10-17,35
Amazon,5236,2023-10-25,35
Amazon,5236,2023-11-01,35
Amazon,4536,2023-11-09,35
Amazon,4536,2023-11-17,35
Amazon,4536,2023-11-25,35
Amazon,4536,2023-12-01,35
Amazon,4536,2023-12-09,35
Amazon,4536,2023-12-17,35
Amazon,4536,2023-12-25,35
Amazon,4536,2024-01-01,35
Amazon,5236,2024-01-09,35
Amazon,5236,2024-01-17,35
Amazon,5236,2024-01-25,35
Amazon,5236,2024-02-01,35
Amazon,4536,2024-02-09,35
Amazon,4536,2024-02-17,35
Amazon,5236,2024-02-25,35
Amazon,5236,2024-03-01,35
Amazon,4536,2024-03-09,35
Amazon,4536,2024-03-17,35
Amazon,4536,2024-03-25,35
Amazon,4536,2024-04-01,35
Amazon,4536,2024-04-09,35
Amazon,4536,2024-04-17,35
Amazon,5236,2024-04-25,35
Amazon,5236,2024-05-01,35
Amazon,4536,2024-05-09,35
Amazon,4536,2024-05-17,35
Amazon,4536,2024-05-25,35
Amazon,4536,2024-06-01,35
Amazon,4536,2024-06-09,35
Amazon,5236,2024-06-17,35
Amazon,5236,2024-06-25,35
Amazon,5236,2024-07-01,35
Amazon,5236,2024-07-09,35
Amazon,4186,2024-07-17,35
Amazon,5236,2024-07-25,35
JD,44999,2023-11-07,32
JD,44979,2023-11-09,32
JD,44979,2023-11-17,32
JD,44979,2023-11-25,32
JD,44979,2023-12-01,32
JD,44979,2023-12-09,32
JD,44979,2023-12-17,32
JD,44979,2023-12-25,32
JD,44979,2024-01-01,32
JD,44979,2024-01-09,32
JD,44979,2024-01-17,32
JD,44979,2024-01-25,32
JD,44989,2024-02-01,32
JD,44989,2024-02-09,32
JD,44989,2024-02-17,32
JD,44989,2024-02-25,32
JD,44989,2024-03-01,32
JD,44989,2024-03-09,32
JD,44989,2024-03-17,32
JD,44989,2024-03-25,32
JD,44989,2024-04-01,32
JD,44989,2024-04-09,32
JD,44989,2024-04-17,32
JD,44989,2024-04-25,32
JD,44989,2024-05-01,32
JD,44989,2024-05-09,32
JD,44989,2024-05-17,32
JD,44989,2024-05-25,32
JD,44989,2024-06-01,32
JD,44989,2024-06-09,32
JD,44989,2024-06-17,32
JD,44989,2024-06-25,32
JD,44989,2024-07-01,32
JD,44989,2024-07-09,32
JD,44989,2024-07-17,32
JD,44989,2024-07-25,32
TB,44999,2023-11-09,32
TB,44999,2023-11-17,32
TB,44999,2023-11-25,32
TB,44999,2023-12-01,32
TB,44999,2023-12-09,32
TB,44999,2023-12-17,32
TB,44999,2023-12-25,32
TB,44999,2024-01-01,32
TB,44999,2024-01-09,32
TB,44999,2024-01-17,32
TB,44999,2024-01-25,32
TB,44999,2024-02-01,32
TB,44999,2024-02-09,32
TB,43999,2024-02-17,32
TB,43999,2024-02-25,32
TB,43999,2024-03-01,32
TB,43999,2024-03-09,32
TB,43999,2024-03-17,32
TB,43999,2024-03-25,32
TB,43999,2024-04-01,32
TB,43999,2024-04-09,32
TB,43999,2024-04-17,32
TB,43999,2024-04-25,32
TB,43999,2024-05-01,32
TB,43999,2024-05-09,32
TB,43999,2024-05-17,32
TB,43999,2024-05-25,32
TB,43999,2024-06-01,32
TB,43999,2024-06-09,32
TB,43999,2024-06-17,32
TB,43999,2024-06-25,32
TB,43999,2024-07-01,32
TB,43999,2024-07-09,32
TB,43999,2024-07-17,32
TB,43999,2024-07-25,32
Amazon,41999.93,2023-11-09,32
Amazon,41999.93,2023-11-17,32
Amazon,41999.93,2023-11-25,32
Amazon,41999.93,2023-12-01,32
Amazon,41999.93,2023-12-09,32
Amazon,41999.93,2023-12-17,32
Amazon,41999.93,2023-12-25,32
Amazon,41999.93,2024-01-01,32
Amazon,41999.93,2024-01-09,32
Amazon,41999.93,2024-01-17,32
Amazon,41999.93,2024-01-25,32
Amazon,41999.93,2024-02-01,32
Amazon,41999.93,2024-02-09,32
Amazon,41999.93,2024-02-17,32
Amazon,41999.93,2024-02-25,32
Amazon,41986,2024-03-01,32
Amazon,41986,2024-03-09,32
Amazon,41986,2024-03-17,32
Amazon,41986,2024-03-25,32
Amazon,41986,2024-04-01,32
Amazon,41986,2024-04-09,32
Amazon,41986,2024-04-17,32
Amazon,41986,2024-04-25,32
Amazon,41986,2024-05-01,32
Amazon,41986,2024-05-09,32
Amazon,41986,2024-05-17,32
Amazon,41986,2024-05-25,32
Amazon,41986,2024-06-01,32
Amazon,41986,2024-06-09,32
Amazon,41986,2024-06-17,32
Amazon,41986,2024-06-25,32
Amazon,41986,2024-07-01,32
Amazon,41986,2024-07-09,32
Amazon,41986,2024-07-17,32
Amazon,41986,2024-07-25,32
