date,1,2,6,7,8,9
1,0.6576563028685289,1.046445476566146,1.1367670958869858,0.9994285170016192,1.1046425939572586,1.1349766209897565
3,0.6576563028685289,1.046445476566146,1.1367670958869858,0.9994285170016192,1.1046425939572586,1.1349766209897565
9,0.6576563028685289,1.046445476566146,1.1367670958869858,0.9994285170016192,1.1046425939572586,1.1349766209897565
11,0.6576563028685289,1.046445476566146,1.1367670958869858,0.9994285170016192,1.1046425939572586,1.1349766209897565
15,0.6576563028685289,1.046445476566146,1.1367670958869858,0.9994285170016192,1.1046425939572586,1.1349766209897565
17,0.6576563028685289,1.046445476566146,1.1367670958869858,0.9994285170016192,1.1046425939572586,1.1349766209897565
21,0.6576563028685289,1.046445476566146,1.1367670958869858,0.9994285170016192,1.1046425939572586,1.1349766209897565
23,0.6576563028685289,1.046445476566146,1.1367670958869858,0.9994285170016192,1.1046425939572586,1.1349766209897565
29,0.6576563028685289,1.046445476566146,1.1367670958869858,0.9994285170016192,1.1046425939572586,1.1349766209897565
31,0.6576563028685289,1.046445476566146,1.1367670958869858,0.9994285170016192,1.1046425939572586,1.1349766209897565
37,0.6576563028685289,1.046445476566146,1.1367670958869858,0.9994285170016192,1.1046425939572586,1.1349766209897565
39,0.6576563028685289,1.046445476566146,1.1367670958869858,0.9994285170016192,1.1046425939572586,1.1349766209897565
45,0.6576563028685289,1.046445476566146,1.1367670958869858,0.9994285170016192,1.1046425939572586,1.1349766209897565
46,0.6576563028685289,1.046445476566146,1.1367670958869858,0.9994285170016192,1.1046425939572586,1.1349766209897565
52,0.6576563028685289,1.046445476566146,1.1367670958869858,0.9994285170016192,1.1046425939572586,1.1349766209897565
54,0.6576563028685289,1.046445476566146,1.1367670958869858,0.9994285170016192,1.1046425939572586,1.1349766209897565
60,0.6576563028685289,1.046445476566146,1.1367670958869858,0.9994285170016192,1.1046425939572586,1.1349766209897565
62,0.6576563028685289,1.046445476566146,1.1367670958869858,0.9994285170016192,1.1046425939572586,1.1349766209897565
63,0.6576563028685289,1.046445476566146,1.1367670958869858,0.9994285170016192,1.1046425939572586,1.1349766209897565
68,0.6576563028685289,1.046445476566146,1.1367670958869858,0.9994285170016192,1.1046425939572586,1.1349766209897565
70,0.6576563028685289,1.046445476566146,1.1367670958869858,0.9994285170016192,1.1046425939572586,1.1349766209897565
71,0.6576563028685289,1.046445476566146,1.1367670958869858,0.9994285170016192,1.1046425939572586,1.1349766209897565
76,0.6576563028685289,1.046445476566146,1.1367670958869858,0.9994285170016192,1.1046425939572586,1.1349766209897565
82,0.6576563028685289,1.046445476566146,1.1367670958869858,0.9994285170016192,1.1046425939572586,1.1349766209897565
84,0.6576563028685289,1.046445476566146,1.1367670958869858,0.9994285170016192,1.1046425939572586,1.1349766209897565
90,0.6576563028685289,1.046445476566146,1.1367670958869858,0.9994285170016192,1.1046425939572586,1.1349766209897565
92,0.6576563028685289,1.046445476566146,1.1367670958869858,0.9994285170016192,1.1046425939572586,1.1349766209897565
98,0.6576563028685289,1.046445476566146,1.1367670958869858,0.9994285170016192,1.1046425939572586,1.1349766209897565
100,0.6576563028685289,1.046445476566146,1.1367670958869858,0.9994285170016192,1.1046425939572586,1.1349766209897565
106,0.6576563028685289,1.046445476566146,1.1367670958869858,0.9994285170016192,1.1046425939572586,1.1349766209897565
107,0.6576563028685289,1.046445476566146,1.1367670958869858,0.9994285170016192,1.1046425939572586,1.1349766209897565
113,0.6576563028685289,1.046445476566146,1.1367670958869858,0.9994285170016192,1.1046425939572586,1.1349766209897565
115,0.6576563028685289,1.046445476566146,1.1367670958869858,0.9994285170016192,1.1046425939572586,1.1349766209897565
121,0.6576563028685289,1.046445476566146,1.1367670958869858,0.9994285170016192,1.1046425939572586,1.1349766209897565
123,0.6576563028685289,1.046445476566146,1.1367670958869858,0.9994285170016192,1.1046425939572586,1.1349766209897565
129,0.6576563028685289,1.046445476566146,1.1367670958869858,0.9994285170016192,1.1046425939572586,1.1349766209897565
131,0.6576563028685289,1.046445476566146,1.1367670958869858,0.9994285170016192,1.1046425939572586,1.1349766209897565
137,0.6576563028685289,1.046445476566146,1.1367670958869858,0.9994285170016192,1.1046425939572586,1.1349766209897565
143,0.6576563028685289,1.046445476566146,1.1367670958869858,0.9994285170016192,1.1046425939572586,1.1349766209897565
145,0.6576563028685289,1.046445476566146,1.1367670958869858,0.9994285170016192,1.1046425939572586,1.1349766209897565
146,0.6576563028685289,1.046445476566146,1.1367670958869858,0.9994285170016192,1.1046425939572586,1.1349766209897565
151,0.6576563028685289,1.046445476566146,1.1367670958869858,0.9994285170016192,1.1046425939572586,1.1349766209897565
153,0.6576563028685289,1.046445476566146,1.1367670958869858,0.9994285170016192,1.1046425939572586,1.1349766209897565
154,0.6576563028685289,1.046445476566146,1.1367670958869858,0.9994285170016192,1.1046425939572586,1.1349766209897565
159,0.6576563028685289,1.046445476566146,1.1367670958869858,0.9994285170016192,1.1046425939572586,1.1349766209897565
161,0.6576563028685289,1.046445476566146,1.1367670958869858,0.9994285170016192,1.1046425939572586,1.1349766209897565
167,0.6576563028685289,1.046445476566146,1.1367670958869858,0.9994285170016192,1.1046425939572586,1.1349766209897565
168,0.6576563028685289,1.046445476566146,1.1367670958869858,0.9994285170016192,1.1046425939572586,1.1349766209897565
169,0.6576563028685289,1.046445476566146,1.1367670958869858,0.9994285170016192,1.1046425939572586,1.1349766209897565
174,0.6576563028685289,1.046445476566146,1.1367670958869858,0.9994285170016192,1.1046425939572586,1.1349766209897565
176,0.6576563028685289,1.046445476566146,1.1367670958869858,0.9994285170016192,1.1046425939572586,1.1349766209897565
177,0.6576563028685289,1.046445476566146,1.1367670958869858,0.9994285170016192,1.1046425939572586,1.1349766209897565
182,0.6576563028685289,1.046445476566146,1.1367670958869858,0.9994285170016192,1.1046425939572586,1.1349766209897565
184,0.6576563028685289,1.046445476566146,1.1367670958869858,0.9994285170016192,1.1046425939572586,1.1349766209897565
185,0.6576563028685289,1.046445476566146,1.1367670958869858,0.9994285170016192,1.1046425939572586,1.1349766209897565
190,0.6576563028685289,1.046445476566146,1.1367670958869858,0.9994285170016192,1.1046425939572586,1.1349766209897565
191,0.6576563028685289,1.046445476566146,1.1367670958869858,0.9994285170016192,1.1046425939572586,1.1349766209897565
192,0.6576563028685289,1.046445476566146,1.1367670958869858,0.9994285170016192,1.1046425939572586,1.1349766209897565
198,0.6576563028685289,1.046445476566146,1.1367670958869858,0.9994285170016192,1.1046425939572586,1.1349766209897565
199,0.6576563028685289,1.046445476566146,1.1367670958869858,0.9994285170016192,1.1046425939572586,1.1349766209897565
201,0.6576563028685289,1.046445476566146,1.1367670958869858,0.9994285170016192,1.1046425939572586,1.1349766209897565
205,0.6576563028685289,1.046445476566146,1.1367670958869858,0.9994285170016192,1.1046425939572586,1.1349766209897565
207,0.6576563028685289,1.046445476566146,1.1367670958869858,0.9994285170016192,1.1046425939572586,1.1349766209897565
208,0.6576563028685289,1.046445476566146,1.1367670958869858,0.9994285170016192,1.1046425939572586,1.1349766209897565
213,0.6576563028685289,1.046445476566146,1.1367670958869858,0.9994285170016192,1.1046425939572586,1.1349766209897565
215,0.6576563028685289,1.046445476566146,1.1367670958869858,0.9994285170016192,1.1046425939572586,1.1349766209897565
216,0.6576563028685289,1.046445476566146,1.1367670958869858,0.9994285170016192,1.1046425939572586,1.1349766209897565
221,0.6576563028685289,1.046445476566146,1.1367670958869858,0.9994285170016192,1.1046425939572586,1.1349766209897565
222,0.6576563028685289,1.046445476566146,1.1367670958869858,0.9994285170016192,1.1046425939572586,1.1349766209897565
223,0.6576563028685289,1.046445476566146,1.1367670958869858,0.9994285170016192,1.1046425939572586,1.1349766209897565
224,0.6576563028685289,1.046445476566146,1.1367670958869858,0.9994285170016192,1.1046425939572586,1.1349766209897565
229,0.6576563028685289,1.046445476566146,1.1367670958869858,0.9994285170016192,1.1046425939572586,1.1349766209897565
230,0.6576563028685289,1.046445476566146,1.1367670958869858,0.9994285170016192,1.1046425939572586,1.1349766209897565
232,0.6576563028685289,1.046445476566146,1.1367670958869858,0.9994285170016192,1.1046425939572586,1.1349766209897565
235,0.6576563028685289,1.046445476566146,1.1367670958869858,0.9994285170016192,1.1046425939572586,1.1349766209897565
237,0.6576563028685289,1.046445476566146,1.1367670958869858,0.9994285170016192,1.1046425939572586,1.1349766209897565
238,0.6576563028685289,1.046445476566146,1.1367670958869858,0.9994285170016192,1.1046425939572586,1.1349766209897565
239,0.6576563028685289,1.046445476566146,1.1367670958869858,0.9994285170016192,1.1046425939572586,1.1349766209897565
243,0.6576563028685289,1.046445476566146,1.1367670958869858,0.9994285170016192,1.1046425939572586,1.1349766209897565
245,0.6576563028685289,1.046445476566146,1.1367670958869858,0.9827602628821792,1.1046425939572586,1.1349766209897565
246,0.6576563028685289,1.046445476566146,1.1367670958869858,0.9660920087627393,1.1046425939572586,1.1349766209897565
247,0.6576563028685289,1.046445476566146,1.1367670958869858,0.9494237546432993,1.1046425939572586,1.1349766209897565
251,0.6576563028685289,1.046445476566146,1.1367670958869858,0.9327555005238594,1.1046425939572586,1.1349766209897565
253,0.6576563028685289,1.046445476566146,1.1367670958869858,0.9105311616979395,1.1046425939572586,1.1349766209897565
255,0.6576563028685289,1.046445476566146,1.1367670958869858,0.8883068228720196,1.1046425939572586,1.1349766209897565
259,0.6576563028685289,1.046445476566146,1.1367670958869858,0.8660824840460997,1.1046425939572586,1.1349766209897565
260,0.6576563028685289,1.046445476566146,1.1367670958869858,0.8827507381655396,1.1046425939572586,1.1349766209897565
261,0.6576563028685289,1.046445476566146,1.1367670958869858,0.8994189922849796,1.1046425939572586,1.1349766209897565
263,0.6576563028685289,1.046445476566146,1.1367670958869858,0.9160872464044194,1.1046425939572586,1.1349766209897565
266,0.6576563028685289,1.046445476566146,1.1367670958869858,0.9327555005238594,1.1046425939572586,1.1349766209897565
268,0.6576563028685289,1.046445476566146,1.1367670958869858,0.9105311616979395,1.1046425939572586,1.1349766209897565
269,0.6576563028685289,1.046445476566146,1.1367670958869858,0.8883068228720196,1.1046425939572586,1.1349766209897565
274,0.6576563028685289,1.046445476566146,1.1367670958869858,0.8660824840460997,1.1046425939572586,1.1349766209897565
276,0.6576563028685289,1.046445476566146,1.1367670958869858,0.8494142299266597,1.1046425939572586,1.1349766209897565
277,0.6576563028685289,1.046445476566146,1.1367670958869858,0.8327459758072198,1.1046425939572586,1.1349766209897565
281,0.6576563028685289,1.046445476566146,1.1367670958869858,0.8160777216877798,1.1046425939572586,1.1349766209897565
282,0.6576563028685289,1.046445476566146,1.1367670958869858,0.7994094675683399,1.1046425939572586,1.1349766209897565
284,0.6576563028685289,1.046445476566146,1.1367670958869858,0.8160777216877798,1.1046425939572586,1.1349766209897565
285,0.6576563028685289,1.046445476566146,1.1367670958869858,0.8327459758072198,1.1046425939572586,1.1349766209897565
289,0.6576563028685289,1.046445476566146,1.1367670958869858,0.8494142299266597,1.1046425939572586,1.1349766209897565
290,0.6576563028685289,1.046445476566146,1.1367670958869858,0.8660824840460997,1.1046425939572586,1.1349766209897565
293,0.6576563028685289,1.046445476566146,1.1367670958869858,0.8660824840460997,1.1046425939572586,1.1349766209897565
296,0.6576563028685289,1.046445476566146,1.1367670958869858,0.8660824840460997,1.1046425939572586,1.1349766209897565
297,0.6576563028685289,1.046445476566146,1.1367670958869858,0.8660824840460997,1.1046425939572586,1.1349766209897565
298,0.6576563028685289,1.046445476566146,1.1367670958869858,0.8660824840460997,1.1046425939572586,1.1349766209897565
300,0.6576563028685289,1.046445476566146,1.1367670958869858,0.8660824840460997,1.1046425939572586,1.1349766209897565
304,0.6576563028685289,1.046445476566146,1.1367670958869858,0.8660824840460997,1.1046425939572586,1.1349766209897565
305,0.6576563028685289,1.046445476566146,1.1367670958869858,0.8660824840460997,1.1046425939572586,1.1349766209897565
306,0.6576563028685289,1.046445476566146,1.1367670958869858,0.8660824840460997,1.1046425939572586,1.1349766209897565
308,0.6576563028685289,1.046445476566146,1.1367670958869858,0.8660824840460997,1.1046425939572586,1.1349766209897565
312,0.6576563028685289,1.046445476566146,1.1367670958869858,0.8660824840460997,1.1046425939572586,1.1349766209897565
314,0.6576563028685289,1.046445476566146,1.1367670958869858,0.8660824840460997,1.1046425939572586,1.1349766209897565
316,0.6576563028685289,1.046445476566146,1.0492561570196273,0.8660824840460997,1.1046425939572586,1.1349766209897565
320,0.6576563028685289,1.046445476566146,0.961745218152269,0.8660824840460997,1.1046425939572586,1.1349766209897565
321,0.6576563028685289,1.046445476566146,0.8742342792849106,0.8660824840460997,1.1046425939572586,1.1349766209897565
324,0.6576563028685289,1.046445476566146,0.8742342792849106,0.8660824840460997,1.1046425939572586,1.1349766209897565
327,0.6576563028685289,1.046445476566146,0.8742342792849106,0.8660824840460997,1.1046425939572586,1.1349766209897565
328,0.6576563028685289,1.046445476566146,0.8742342792849106,0.8660824840460997,1.1046425939572586,1.1349766209897565
329,0.6576563028685289,1.046445476566146,0.8742342792849106,0.8660824840460997,1.1046425939572586,1.1349766209897565
330,0.6576563028685289,1.046445476566146,0.8742342792849106,0.8660824840460997,1.1046425939572586,1.1349766209897565
335,0.6576563028685289,1.046445476566146,0.8742342792849106,0.8660824840460997,1.1046425939572586,1.1349766209897565
336,0.6576563028685289,1.046445476566146,0.8742342792849106,0.8927516906372036,1.1046425939572586,1.1349766209897565
337,0.6576563028685289,1.046445476566146,0.8742342792849106,0.9194208972283074,1.0800786047654138,1.1349766209897565
338,0.6576563028685289,1.046445476566146,0.8742342792849106,0.9460901038194114,1.055514615573569,1.1349766209897565
342,0.6576563028685289,1.046445476566146,0.8742342792849106,0.9727593104105152,1.0309506263817243,1.1349766209897565
343,0.6576563028685289,1.046445476566146,0.8742342792849106,0.9994285170016192,1.0309506263817243,1.1349766209897565
345,0.6576563028685289,1.046445476566146,0.8742342792849106,0.9994285170016192,1.0309506263817243,1.1349766209897565
346,0.6576563028685289,1.046445476566146,0.8742342792849106,0.9994285170016192,1.0309506263817243,1.1349766209897565
350,0.6576563028685289,1.046445476566146,0.8742342792849106,0.9994285170016192,1.0309506263817243,1.1349766209897565
351,0.6576563028685289,1.046445476566146,0.8742342792849106,0.9994285170016192,1.0309506263817243,1.1349766209897565
352,0.6576563028685289,1.046445476566146,0.8742342792849106,0.9549798393497794,1.0309506263817243,1.1349766209897565
354,0.6576563028685289,1.046445476566146,0.8742342792849106,0.9105311616979395,1.0309506263817243,1.1349766209897565
358,0.6576563028685289,1.046445476566146,0.8742342792849106,0.8660824840460997,1.0309506263817243,1.1349766209897565
360,0.6576563028685289,1.046445476566146,0.8742342792849106,0.8660824840460997,1.0309506263817243,1.1349766209897565
361,0.6576563028685289,1.046445476566146,0.8742342792849106,0.8660824840460997,1.0309506263817243,1.1349766209897565
366,0.6576563028685289,1.046445476566146,0.8742342792849106,0.8660824840460997,1.0309506263817243,1.1349766209897565
368,0.6576563028685289,1.046445476566146,0.8742342792849106,0.8660824840460997,1.0309506263817243,1.1349766209897565
369,0.6576563028685289,1.046445476566146,0.8742342792849106,0.8660824840460997,1.0309506263817243,1.1349766209897565
373,0.6576563028685289,1.046445476566146,0.8742342792849106,0.8660824840460997,1.0309506263817243,1.1349766209897565
374,0.6576563028685289,1.046445476566146,0.8742342792849106,0.8660824840460997,1.0309506263817243,1.1349766209897565
376,0.6576563028685289,1.046445476566146,0.8742342792849106,0.8660824840460997,1.0309506263817243,1.1349766209897565
377,0.6576563028685289,1.046445476566146,0.8742342792849106,0.8660824840460997,1.0309506263817243,1.1349766209897565
381,0.6576563028685289,1.046445476566146,0.8742342792849106,0.8660824840460997,1.0309506263817243,1.1349766209897565
382,0.6576563028685289,1.046445476566146,0.8742342792849106,0.8660824840460997,1.0309506263817243,1.1349766209897565
385,0.6576563028685289,1.046445476566146,0.8742342792849106,0.8660824840460997,1.0309506263817243,1.1349766209897565
387,0.6576563028685289,1.046445476566146,0.8742342792849106,0.8660824840460997,1.0309506263817243,1.1349766209897565
389,0.6576563028685289,1.046445476566146,0.8742342792849106,0.8660824840460997,1.0309506263817243,1.1349766209897565
392,0.6576563028685289,1.046445476566146,0.8742342792849106,0.8660824840460997,1.0309506263817243,1.1349766209897565
395,0.6576563028685289,1.0338451965599236,0.8742342792849106,0.8660824840460997,1.0309506263817243,1.1349766209897565
397,0.6576563028685289,1.0212449165537012,0.8742342792849106,0.8660824840460997,1.0309506263817243,1.1349766209897565
400,0.6576563028685289,1.0086446365474788,0.8742342792849106,0.8660824840460997,1.0309506263817243,1.1349766209897565
403,0.6576563028685289,1.0094224316095912,0.8742342792849106,0.8660824840460997,1.0309506263817243,1.1349766209897565
405,0.6576563028685289,1.0102002266717038,0.8742342792849106,0.8660824840460997,1.0309506263817243,1.1349766209897565
408,0.6576563028685289,1.0109780217338162,0.8742342792849106,0.8660824840460997,1.0309506263817243,1.1349766209897565
411,0.6576563028685289,1.0109780217338162,0.8742342792849106,0.8660824840460997,1.0309506263817243,1.1349766209897565
412,0.6576563028685289,1.0109780217338162,0.8742342792849106,0.8660824840460997,1.0309506263817243,1.1349766209897565
416,0.6576563028685289,1.0109780217338162,0.8742342792849106,0.8660824840460997,1.0309506263817243,1.1349766209897565
418,0.6576563028685289,1.0109780217338162,0.8742342792849106,0.8660824840460997,1.0309506263817243,1.1349766209897565
419,0.6576563028685289,1.0109780217338162,0.8742342792849106,0.8660824840460997,1.0309506263817243,1.1349766209897565
420,0.6576563028685289,1.0109780217338162,0.8742342792849106,0.8660824840460997,1.0309506263817243,1.1349766209897565
426,0.6576563028685289,1.0105631977006897,0.8742342792849106,0.8660824840460997,1.0309506263817243,1.1349766209897565
427,0.6576563028685289,1.010148373667563,0.8742342792849106,0.8827507381655396,1.0309506263817243,1.1349766209897565
428,0.6576563028685289,1.0097335496344364,0.8742342792849106,0.8994189922849796,1.0309506263817243,1.1349766209897565
429,0.6576563028685289,1.010148373667563,0.8742342792849106,0.9160872464044194,1.0309506263817243,1.1349766209897565
434,0.6576563028685289,1.0105631977006897,0.8742342792849106,0.9327555005238594,1.0309506263817243,1.1349766209897565
436,0.6576563028685289,1.0109780217338162,0.8742342792849106,0.9327555005238594,1.0309506263817243,1.1349766209897565
437,0.6576563028685289,1.0109780217338162,0.8742342792849106,0.9327555005238594,1.0309506263817243,1.1349766209897565
442,0.6576563028685289,1.0109780217338162,0.8742342792849106,0.9327555005238594,1.0309506263817243,1.1349766209897565
443,0.6576563028685289,1.0109780217338162,0.8742342792849106,0.8883068228720196,1.0309506263817243,1.1349766209897565
444,0.6576563028685289,1.0109780217338162,0.8742342792849106,0.8438581452201797,1.0309506263817243,1.1349766209897565
448,0.6576563028685289,1.0126891708704637,0.8742342792849106,0.7994094675683399,1.0309506263817243,1.1349766209897565
450,0.6576563028685289,1.0144003200071112,0.8742342792849106,0.7994094675683399,1.0309506263817243,1.1349766209897565
451,0.6576563028685289,1.0161114691437587,0.8742342792849106,0.7994094675683399,1.0309506263817243,1.1349766209897565
456,0.6576563028685289,1.0144003200071112,0.8742342792849106,0.7994094675683399,1.0309506263817243,1.1349766209897565
458,0.6576563028685289,1.0126891708704637,0.8742342792849106,0.7994094675683399,1.0309506263817243,1.1349766209897565
459,0.6576563028685289,1.0109780217338162,0.8742342792849106,0.7994094675683399,1.0309506263817243,1.1349766209897565
464,0.6576563028685289,1.0109780217338162,0.8742342792849106,0.7994094675683399,1.0309506263817243,1.1349766209897565
465,0.6576563028685289,1.0109780217338162,0.8742342792849106,0.7994094675683399,1.0309506263817243,1.1349766209897565
466,0.6576563028685289,1.0109780217338162,0.8742342792849106,0.7994094675683399,1.049373618275608,1.1349766209897565
467,0.6576563028685289,1.0109780217338162,0.8742342792849106,0.7994094675683399,1.0677966101694913,1.1349766209897565
472,0.6576563028685289,1.0109780217338162,0.8742342792849106,0.7994094675683399,1.086219602063375,1.1349766209897565
473,0.6576563028685289,1.0109780217338162,0.8742342792849106,0.7994094675683399,1.1046425939572586,1.1349766209897565
474,0.6576563028685289,1.0109780217338162,0.8742342792849106,0.7994094675683399,1.086219602063375,1.1349766209897565
475,0.6576563028685289,1.0109780217338162,0.8742342792849106,0.7994094675683399,1.0677966101694913,1.1349766209897565
479,0.6576563028685289,1.0109780217338162,0.8742342792849106,0.7994094675683399,1.049373618275608,1.1349766209897565
481,0.6576563028685289,1.0109780217338162,0.8742342792849106,0.7994094675683399,1.0309506263817243,1.1349766209897565
482,0.6576563028685289,1.0109261687296753,0.8450639663291245,0.7994094675683399,1.0309506263817243,1.1349766209897565
487,0.6576563028685289,1.0108743157255347,0.8158936533733383,0.7994094675683399,1.0309506263817243,1.1349766209897565
489,0.6576563028685289,1.0108224627213938,0.7867233404175522,0.7994094675683399,1.0309506263817243,1.1349766209897565
490,0.6576563028685289,0.9948517374460173,0.8158936533733383,0.7994094675683399,1.0309506263817243,1.1349766209897565
495,0.6576563028685289,0.9788810121706408,0.8450639663291245,0.7994094675683399,1.0309506263817243,1.1349766209897565
497,0.6576563028685289,0.9629102868952644,0.8742342792849106,0.7994094675683399,1.0309506263817243,1.1349766209897565
498,0.6576563028685289,0.9345466936302288,0.8742342792849106,0.7994094675683399,1.0309506263817243,1.1349766209897565
503,0.6576563028685289,0.9061831003651933,0.8742342792849106,0.7994094675683399,1.0309506263817243,1.097137760480013
505,0.6576563028685289,0.8778195071001578,0.8742342792849106,0.8327459758072198,1.0309506263817243,1.0592988999702695
509,0.6576563028685289,0.9222056786447106,0.8742342792849106,0.8660824840460997,1.0309506263817243,1.0592988999702695
511,0.6576563028685289,0.9665918501892634,0.8742342792849106,0.8660824840460997,1.0309506263817243,1.0592988999702695
512,0.6576563028685289,1.0109780217338162,0.8742342792849106,0.8660824840460997,1.0309506263817243,1.0592988999702695
513,0.6576563028685289,1.0109780217338162,0.8742342792849106,0.8660824840460997,1.0309506263817243,1.0592988999702695
517,0.6576563028685289,1.0109780217338162,0.8742342792849106,0.8660824840460997,1.0309506263817243,1.0782183302251411
519,0.6576563028685289,1.0109780217338162,0.8742342792849106,0.8660824840460997,1.0309506263817243,1.097137760480013
520,0.6576563028685289,1.0109780217338162,0.8742342792849106,0.8660824840460997,1.0309506263817243,1.1160571907348849
521,0.6576563028685289,1.0109780217338162,0.8742342792849106,0.8660824840460997,1.0309506263817243,1.1349766209897565
525,0.6576563028685289,1.0109780217338162,0.8742342792849106,0.8660824840460997,1.0309506263817243,1.1349766209897565
526,0.6576563028685289,1.0109780217338162,0.8742342792849106,0.8660824840460997,1.0309506263817243,1.1349766209897565
527,0.6576563028685289,1.0109780217338162,0.8742342792849106,0.8660824840460997,1.0309506263817243,1.1349766209897565
528,0.6576563028685289,1.0109780217338162,0.8742342792849106,0.8660824840460997,1.0309506263817243,1.1349766209897565
529,0.6576563028685289,1.0109780217338162,0.8742342792849106,0.8660824840460997,1.0309506263817243,1.1349766209897565
533,0.6576563028685289,1.0109780217338162,0.8742342792849106,0.8660824840460997,1.0309506263817243,1.0592988999702695
534,0.6576563028685289,1.0109780217338162,0.8742342792849106,0.8660824840460997,1.0309506263817243,1.0592988999702695
536,0.6576563028685289,1.0109780217338162,0.8742342792849106,0.8660824840460997,1.0309506263817243,1.0592988999702695
541,0.6576563028685289,1.0109780217338162,0.8742342792849106,0.8660824840460997,1.0309506263817243,1.0592988999702695
542,0.6576563028685289,1.0109780217338162,0.8742342792849106,0.8660824840460997,1.0309506263817243,1.097137760480013
549,0.6576563028685289,1.0109780217338162,0.8742342792849106,0.8660824840460997,1.0309506263817243,1.1349766209897565
550,0.6576563028685289,1.0109780217338162,0.8742342792849106,0.8660824840460997,1.0309506263817243,1.1349766209897565
556,0.6576563028685289,1.0109780217338162,0.8742342792849106,0.8660824840460997,1.0309506263817243,1.1349766209897565
557,0.6576563028685289,1.0109780217338162,0.8742342792849106,0.8660824840460997,1.0309506263817243,1.1349766209897565
558,0.6576563028685289,1.0109780217338162,0.8742342792849106,0.8660824840460997,1.0309506263817243,1.1349766209897565
564,0.6576563028685289,1.0109780217338162,0.8742342792849106,0.8660824840460997,1.0309506263817243,1.1349766209897565
565,0.6576563028685289,1.0109780217338162,0.8742342792849106,0.8660824840460997,1.0309506263817243,1.1349766209897565
566,0.6576563028685289,1.0109780217338162,0.8742342792849106,0.8660824840460997,1.0309506263817243,1.1349766209897565
572,0.6576563028685289,1.0020333785195226,0.8742342792849106,0.8660824840460997,1.0309506263817243,1.1349766209897565
573,0.6576563028685289,0.993088735305229,0.8742342792849106,0.8660824840460997,1.0309506263817243,1.1349766209897565
580,0.6576563028685289,0.9829773994977666,0.8742342792849106,0.8660824840460997,1.0309506263817243,1.1349766209897565
581,0.6576563028685289,0.9728660636903043,0.8742342792849106,0.8660824840460997,1.0309506263817243,1.1349766209897565
587,0.6576563028685289,0.9855700497048082,0.8742342792849106,0.8660824840460997,1.0309506263817243,1.1349766209897565
588,0.6576563028685289,0.9982740357193123,0.8742342792849106,0.8660824840460997,1.0309506263817243,1.1349766209897565
589,0.6576563028685289,1.0109780217338162,0.8742342792849106,0.8660824840460997,1.0309506263817243,1.0876780453525772
594,0.6576563028685289,1.0090594605806054,0.8742342792849106,0.8660824840460997,1.0309506263817243,1.0403794697153976
595,0.6576563028685289,1.0071408994273947,0.8742342792849106,0.8660824840460997,1.0309506263817243,1.0403794697153976
597,0.6576563028685289,1.0052223382741838,0.8742342792849106,0.8660824840460997,1.055514615573569,1.0403794697153976
602,0.6576563028685289,1.0071408994273947,0.8742342792849106,0.8660824840460997,1.0800786047654138,1.0403794697153976
603,0.6576563028685289,1.0090594605806054,0.8742342792849106,0.8660824840460997,1.1046425939572586,1.0403794697153976
604,0.6576563028685289,1.0109780217338162,0.8742342792849106,0.8660824840460997,1.0800786047654138,1.0403794697153976
610,0.6576563028685289,1.0109780217338162,0.8742342792849106,0.8660824840460997,1.055514615573569,1.0403794697153976
611,0.6576563028685289,1.0109780217338162,0.8742342792849106,0.8660824840460997,1.0309506263817243,1.0403794697153976
612,0.6576563028685289,1.0109780217338162,0.8742342792849106,0.8660824840460997,1.0309506263817243,1.0403794697153976
618,0.6576563028685289,1.0109780217338162,0.8742342792849106,0.8660824840460997,1.0309506263817243,1.0403794697153976
619,0.6576563028685289,1.0109780217338162,0.8742342792849106,0.8660824840460997,1.0309506263817243,1.0403794697153976
620,0.6576563028685289,1.0109780217338162,0.8450639663291245,0.8660824840460997,1.0309506263817243,1.0403794697153976
625,0.6576563028685289,1.0109780217338162,0.8158936533733383,0.8660824840460997,1.0309506263817243,1.0403794697153976
626,0.6576563028685289,1.0109780217338162,0.7867233404175522,0.8660824840460997,1.0309506263817243,1.0403794697153976
628,0.6576563028685289,1.0109780217338162,0.8158936533733383,0.8660824840460997,1.0309506263817243,1.0403794697153976
633,0.6576563028685289,1.0032000711126914,0.8450639663291245,0.8660824840460997,1.0309506263817243,1.0403794697153976
634,0.6576563028685289,0.9954221204915665,0.8742342792849106,0.8660824840460997,1.0309506263817243,1.0403794697153976
641,0.6576563028685289,0.9954221204915665,0.8742342792849106,0.8660824840460997,1.0309506263817243,1.0403794697153976
642,0.6576563028685289,0.9954221204915665,0.8742342792849106,0.8660824840460997,1.0309506263817243,1.0403794697153976
647,0.6576563028685289,1.0006074209056497,0.8742342792849106,0.8660824840460997,1.0309506263817243,1.0403794697153976
649,0.6576563028685289,1.005792721319733,0.8742342792849106,0.8660824840460997,1.0309506263817243,1.0403794697153976
650,0.6576563028685289,1.0109780217338162,0.8742342792849106,0.8660824840460997,1.0309506263817243,1.0403794697153976
655,0.6576563028685289,1.0109780217338162,0.8742342792849106,0.8660824840460997,1.0309506263817243,1.0403794697153976
656,0.6576563028685289,1.0109780217338162,0.8742342792849106,0.8660824840460997,1.0309506263817243,1.0403794697153976
658,0.6576563028685289,1.0109780217338162,0.8742342792849106,0.8660824840460997,1.0309506263817243,1.0403794697153976
663,0.6576563028685289,1.0109780217338162,0.8742342792849106,0.8660824840460997,1.0309506263817243,1.0403794697153976
664,0.6576563028685289,1.0109780217338162,0.8742342792849106,0.8660824840460997,1.0309506263817243,1.0403794697153976
665,0.6576563028685289,1.0109780217338162,0.8742342792849106,0.8660824840460997,1.0309506263817243,1.0403794697153976
671,0.6576563028685289,1.0109780217338162,0.8742342792849106,0.8660824840460997,1.0309506263817243,1.0403794697153976
672,0.6576563028685289,1.0109780217338162,0.8742342792849106,0.8660824840460997,1.0309506263817243,1.0545690424065515
673,0.6576563028685289,1.0109780217338162,0.8742342792849106,0.8660824840460997,1.0309506263817243,1.0687586150977053
678,0.6576563028685289,1.0062723616080356,0.8742342792849106,0.8660824840460997,1.0309506263817243,1.0829481877888592
679,0.6576563028685289,1.0015667014822551,0.8742342792849106,0.8660824840460997,1.0309506263817243,1.097137760480013
680,0.6576563028685289,0.9968610413564746,0.8742342792849106,0.8660824840460997,1.0309506263817243,1.097137760480013
681,0.6576563028685289,0.992155381230694,0.8742342792849106,0.8660824840460997,1.0309506263817243,1.097137760480013
686,0.6576563028685289,0.9833403705267525,0.8742342792849106,0.8660824840460997,1.0309506263817243,1.097137760480013
687,0.6576563028685289,0.9745253598228109,0.8742342792849106,0.8660824840460997,1.0309506263817243,1.097137760480013
689,0.6576563028685289,0.9657103491188693,0.8742342792849106,0.8660824840460997,1.0309506263817243,1.097137760480013
694,0.6576563028685289,0.9883441854263428,0.8742342792849106,0.8660824840460997,1.0309506263817243,1.097137760480013
695,0.6576563028685289,1.0109780217338162,0.8742342792849106,0.8660824840460997,1.0309506263817243,1.097137760480013
702,0.6576563028685289,1.0109780217338162,0.8742342792849106,0.8660824840460997,1.0309506263817243,1.097137760480013
703,0.6576563028685289,1.0109780217338162,0.8742342792849106,0.8660824840460997,1.0309506263817243,1.097137760480013
708,0.6576563028685289,1.0109780217338162,0.8742342792849106,0.8660824840460997,1.0309506263817243,1.097137760480013
710,0.6576563028685289,1.0109780217338162,0.8742342792849106,0.8660824840460997,1.0309506263817243,1.097137760480013
711,0.6576563028685289,1.0109780217338162,0.8742342792849106,0.8660824840460997,1.0309506263817243,1.097137760480013
716,0.6576563028685289,1.0109780217338162,0.8742342792849106,0.8660824840460997,1.0309506263817243,1.097137760480013
717,0.6576563028685289,1.0109780217338162,0.8742342792849106,0.8660824840460997,1.0309506263817243,1.097137760480013
718,0.6576563028685289,1.0109780217338162,0.8742342792849106,0.8660824840460997,1.0309506263817243,1.1097507139832608
724,0.6576563028685289,1.0109780217338162,0.8742342792849106,0.8660824840460997,1.0309506263817243,1.1223636674865087
725,0.6576563028685289,1.0109780217338162,0.8742342792849106,0.8660824840460997,1.0309506263817243,1.1349766209897565
726,0.6576563028685289,1.0109780217338162,0.8742342792849106,0.8660824840460997,1.0309506263817243,1.1034442372316369
732,0.6576563028685289,1.0109780217338162,0.8742342792849106,0.8660824840460997,1.0309506263817243,1.0719118534735173
733,0.6576563028685289,1.0109780217338162,0.8742342792849106,0.8660824840460997,1.0309506263817243,1.0403794697153976
734,0.6576563028685289,1.0109780217338162,0.8742342792849106,0.8660824840460997,1.0309506263817243,1.0403794697153976
739,0.6576563028685289,1.0109780217338162,0.8742342792849106,0.8660824840460997,1.0309506263817243,1.0403794697153976
741,0.6576563028685289,1.0109780217338162,0.8742342792849106,0.8660824840460997,1.0309506263817243,1.0403794697153976
742,0.6576563028685289,1.0109780217338162,0.8742342792849106,0.8660824840460997,1.0309506263817243,1.008847085957278
746,0.6576563028685289,1.0109780217338162,0.8742342792849106,0.8660824840460997,1.0309506263817243,0.9773147021991585
747,0.6576563028685289,1.0109780217338162,0.8742342792849106,0.8660824840460997,1.0309506263817243,0.945782318441039
754,0.6576563028685289,1.0109780217338162,0.8742342792849106,0.8660824840460997,1.0309506263817243,0.945782318441039
755,0.6576563028685289,1.0109780217338162,0.8742342792849106,0.8660824840460997,1.0309506263817243,0.945782318441039
762,0.6576563028685289,1.0109780217338162,0.8742342792849106,0.8660824840460997,1.0309506263817243,0.945782318441039
763,0.6576563028685289,1.0109780217338162,0.8742342792849106,0.8660824840460997,1.0309506263817243,0.945782318441039
769,0.6576563028685289,1.0109780217338162,0.8742342792849106,0.8660824840460997,1.0309506263817243,0.945782318441039
770,0.6576563028685289,1.0109780217338162,0.8742342792849106,0.8660824840460997,1.0309506263817243,0.945782318441039
771,0.6576563028685289,1.0109780217338162,0.8742342792849106,0.8660824840460997,1.0309506263817243,0.945782318441039
777,0.6576563028685289,1.0109780217338162,0.8742342792849106,0.8660824840460997,1.0309506263817243,0.945782318441039
778,0.6576563028685289,1.0109780217338162,0.8742342792849106,0.8660824840460997,1.0309506263817243,0.945782318441039
785,0.6576563028685289,1.0109780217338162,0.8742342792849106,0.8660824840460997,1.0309506263817243,0.945782318441039
786,0.6576563028685289,1.0109780217338162,0.8742342792849106,0.8660824840460997,1.0309506263817243,0.945782318441039
793,0.6576563028685289,1.0109780217338162,0.8742342792849106,0.8660824840460997,1.0309506263817243,0.945782318441039
794,0.6576563028685289,1.0109780217338162,0.8742342792849106,0.8660824840460997,1.0309506263817243,0.945782318441039
801,0.6576563028685289,1.0109780217338162,0.8742342792849106,0.8660824840460997,1.0309506263817243,0.945782318441039
802,0.6576563028685289,1.0109780217338162,0.8742342792849106,0.8660824840460997,1.0309506263817243,0.945782318441039
807,0.6576563028685289,1.0109780217338162,0.8742342792849106,0.8660824840460997,1.0309506263817243,0.945782318441039
808,0.6576563028685289,1.0109780217338162,0.8742342792849106,0.8660824840460997,1.0309506263817243,0.945782318441039
815,0.6576563028685289,1.0109780217338162,0.8742342792849106,0.8660824840460997,1.0309506263817243,0.945782318441039
816,0.6576563028685289,1.0109780217338162,0.8742342792849106,0.8660824840460997,1.0309506263817243,0.945782318441039
823,0.6576563028685289,1.0109780217338162,0.8742342792849106,0.8660824840460997,1.0309506263817243,0.945782318441039
824,0.6576563028685289,1.0109780217338162,0.8742342792849106,0.8660824840460997,1.0309506263817243,0.945782318441039
831,0.6576563028685289,1.0109780217338162,0.8742342792849106,0.8660824840460997,1.0309506263817243,0.945782318441039
832,0.6576563028685289,1.0109780217338162,0.8742342792849106,0.8660824840460997,1.0309506263817243,0.945782318441039
838,0.6576563028685289,1.0109780217338162,0.8742342792849106,0.8660824840460997,1.0309506263817243,0.945782318441039
839,0.6576563028685289,1.0109780217338162,0.8742342792849106,0.8660824840460997,1.0309506263817243,0.945782318441039
846,0.6576563028685289,1.0109780217338162,0.8742342792849106,0.8660824840460997,1.0309506263817243,0.945782318441039
847,0.6576563028685289,1.0109780217338162,0.8742342792849106,0.8660824840460997,1.0309506263817243,0.945782318441039
854,0.6576563028685289,1.0109780217338162,0.8742342792849106,0.8660824840460997,1.0309506263817243,0.945782318441039
855,0.6576563028685289,1.0109780217338162,0.8742342792849106,0.8660824840460997,1.0309506263817243,0.945782318441039
862,0.6576563028685289,1.0109780217338162,0.8742342792849106,0.8660824840460997,1.0309506263817243,0.945782318441039
863,0.6576563028685289,1.0109780217338162,0.8742342792849106,0.8660824840460997,1.0309506263817243,0.945782318441039
868,0.6576563028685289,1.0109780217338162,0.8742342792849106,0.8660824840460997,1.0309506263817243,0.9268628881861672
870,0.6576563028685289,1.0109780217338162,0.8742342792849106,0.8660824840460997,1.0309506263817243,0.9079434579312955
876,0.6576563028685289,1.0109780217338162,0.8742342792849106,0.8660824840460997,1.0309506263817243,0.8890240276764237
877,0.6576563028685289,1.0109780217338162,0.8742342792849106,0.8660824840460997,1.0309506263817243,0.8701045974215519
878,0.6576563028685289,1.0109780217338162,0.8742342792849106,0.8660824840460997,1.0309506263817243,0.8511851671666801
884,0.6576563028685289,1.0109780217338162,0.8742342792849106,0.8660824840460997,1.0309506263817243,0.8511851671666801
885,0.6576563028685289,1.0109780217338162,0.8742342792849106,0.8660824840460997,1.0309506263817243,0.8511851671666801
886,0.6576563028685289,1.0109780217338162,0.8742342792849106,0.8660824840460997,1.0309506263817243,0.8511851671666801
892,0.6576563028685289,1.0109780217338162,0.8742342792849106,0.8660824840460997,1.0309506263817243,0.8511851671666801
893,0.6576563028685289,1.0109780217338162,0.8742342792849106,0.8660824840460997,1.0309506263817243,0.8511851671666801
894,0.6576563028685289,1.0109780217338162,0.8742342792849106,0.8660824840460997,1.0309506263817243,0.8511851671666801
899,0.6576563028685289,1.0109780217338162,0.8742342792849106,0.8660824840460997,1.0309506263817243,0.8511851671666801
901,0.6576563028685289,1.0109780217338162,0.8742342792849106,0.8660824840460997,1.0309506263817243,0.8511851671666801
907,0.6576563028685289,1.0109780217338162,0.8742342792849106,0.8660824840460997,1.0309506263817243,0.8511851671666801
915,0.6576563028685289,1.0109780217338162,0.8742342792849106,0.8660824840460997,1.0309506263817243,0.8511851671666801
923,0.6576563028685289,1.0109780217338162,0.8742342792849106,0.8660824840460997,1.0309506263817243,0.8511851671666801
930,0.6576563028685289,1.0109780217338162,0.8742342792849106,0.8660824840460997,1.0309506263817243,0.8511851671666801
931,0.6576563028685289,1.0109780217338162,0.8742342792849106,0.8660824840460997,1.0309506263817243,0.8511851671666801
938,0.6576563028685289,1.0109780217338162,0.8742342792849106,0.8660824840460997,1.0309506263817243,0.8511851671666801
946,0.6576563028685289,1.0109780217338162,0.8742342792849106,0.8660824840460997,1.0309506263817243,0.9079434579312955
954,0.6576563028685289,1.0109780217338162,0.8742342792849106,0.8660824840460997,1.0309506263817243,0.9079434579312955
960,0.6576563028685289,1.0109780217338162,0.8742342792849106,0.8660824840460997,1.0309506263817243,0.8511851671666801
962,0.6576563028685289,1.0109780217338162,0.8742342792849106,0.8660824840460997,1.0309506263817243,0.8511851671666801
968,0.6576563028685289,1.0109780217338162,0.8742342792849106,0.8660824840460997,1.0309506263817243,0.8511851671666801
969,0.6576563028685289,1.0109780217338162,0.8742342792849106,0.8660824840460997,1.0309506263817243,0.8511851671666801
976,0.6576563028685289,1.0109780217338162,0.8742342792849106,0.8660824840460997,1.0309506263817243,0.8511851671666801
977,0.6576563028685289,1.0109780217338162,0.8742342792849106,0.8660824840460997,1.0309506263817243,0.8511851671666801
984,0.6576563028685289,1.0109780217338162,0.8742342792849106,0.8660824840460997,1.0309506263817243,0.8511851671666801
985,0.6576563028685289,1.0109780217338162,0.8742342792849106,0.8660824840460997,1.0309506263817243,0.8511851671666801
991,0.6576563028685289,1.0109780217338162,0.8742342792849106,0.8660824840460997,1.0309506263817243,0.8511851671666801
993,0.6576563028685289,1.0109780217338162,0.8742342792849106,0.8660824840460997,1.0309506263817243,0.8511851671666801
999,0.6576563028685289,1.0109780217338162,0.8742342792849106,0.8660824840460997,1.0309506263817243,0.8511851671666801
1007,0.6576563028685289,1.0109780217338162,0.8742342792849106,0.8660824840460997,1.0309506263817243,0.8511851671666801
1015,0.6576563028685289,1.0109780217338162,0.8742342792849106,0.8660824840460997,1.0309506263817243,0.8511851671666801
1021,0.6576563028685289,1.0109780217338162,0.8742342792849106,0.8660824840460997,1.0309506263817243,0.8511851671666801
1023,0.6576563028685289,1.0109780217338162,0.8742342792849106,0.8660824840460997,1.0309506263817243,0.8511851671666801
1029,0.6576563028685289,1.0109780217338162,0.8742342792849106,0.8660824840460997,1.0309506263817243,0.8511851671666801
1030,0.6576563028685289,1.0109780217338162,0.8742342792849106,0.8660824840460997,1.0309506263817243,0.8511851671666801
1037,0.6576563028685289,1.0109780217338162,0.8742342792849106,0.8660824840460997,1.0309506263817243,0.8511851671666801
1038,0.6576563028685289,1.0109780217338162,0.8742342792849106,0.8660824840460997,1.0309506263817243,0.8511851671666801
1045,0.6576563028685289,1.0109780217338162,0.8742342792849106,0.8660824840460997,1.0309506263817243,0.8511851671666801
1046,0.6576563028685289,1.0109780217338162,0.8742342792849106,0.8660824840460997,1.0309506263817243,0.8511851671666801
1052,0.6576563028685289,1.0109780217338162,0.8742342792849106,0.8660824840460997,1.0309506263817243,0.8511851671666801
1054,0.6576563028685289,1.0109780217338162,0.8742342792849106,0.8660824840460997,1.0309506263817243,0.8511851671666801
1060,0.6576563028685289,1.0109780217338162,0.8742342792849106,0.8660824840460997,1.0309506263817243,0.8511851671666801
1068,0.6576563028685289,1.0109780217338162,0.8742342792849106,0.8660824840460997,1.0309506263817243,0.8511851671666801
1076,0.6576563028685289,1.0109780217338162,0.8742342792849106,0.8660824840460997,1.0309506263817243,0.8511851671666801
1083,0.6576563028685289,1.0109780217338162,0.8742342792849106,0.8660824840460997,1.0309506263817243,0.8511851671666801
1091,0.6576563028685289,1.0109780217338162,0.8742342792849106,0.8660824840460997,1.0309506263817243,0.8511851671666801
1099,0.6576563028685289,1.0109780217338162,0.8742342792849106,0.8660824840460997,1.0309506263817243,0.8511851671666801
1107,0.6576563028685289,1.0109780217338162,0.8742342792849106,0.8660824840460997,1.0309506263817243,0.8511851671666801
1111,0.6576563028685289,1.0109780217338162,0.8742342792849106,0.8660824840460997,1.0309506263817243,0.8511851671666801
1115,0.6576563028685289,1.0109780217338162,0.8742342792849106,0.8660824840460997,1.0309506263817243,0.8511851671666801
1119,0.6576563028685289,1.0109780217338162,0.8742342792849106,0.8660824840460997,1.0309506263817243,0.8511851671666801
1122,0.6576563028685289,1.0109780217338162,0.8742342792849106,0.8660824840460997,1.0309506263817243,0.8511851671666801
1127,0.6576563028685289,1.0109780217338162,0.8742342792849106,0.8660824840460997,1.0309506263817243,0.8511851671666801
1130,0.6576563028685289,1.0109780217338162,0.8742342792849106,0.8660824840460997,1.0309506263817243,0.8511851671666801
1135,0.6576563028685289,1.0109780217338162,0.8742342792849106,0.8660824840460997,1.0309506263817243,0.8511851671666801
1138,0.6576563028685289,1.0109780217338162,0.8742342792849106,0.8660824840460997,1.0309506263817243,0.8511851671666801
1142,0.6576563028685289,1.0109780217338162,0.8742342792849106,0.8660824840460997,1.0309506263817243,0.8511851671666801
1146,0.6576563028685289,1.0109780217338162,0.8742342792849106,0.8660824840460997,1.0309506263817243,0.8511851671666801
1150,0.6576563028685289,1.0109780217338162,0.8742342792849106,0.8660824840460997,1.0309506263817243,0.8511851671666801
1158,0.6576563028685289,1.0109780217338162,0.8742342792849106,0.8660824840460997,1.0309506263817243,0.8511851671666801
1166,0.6576563028685289,0.9331985155225672,0.8742342792849106,0.8660824840460997,1.0309506263817243,0.8511851671666801
1174,0.6576563028685289,0.9331985155225672,0.8742342792849106,0.8660824840460997,1.0309506263817243,0.8511851671666801
1180,0.6576563028685289,0.9720882686281918,0.8742342792849106,0.8660824840460997,1.0309506263817243,0.8511851671666801
1181,0.6576563028685289,1.0109780217338162,0.8742342792849106,0.8660824840460997,1.0309506263817243,0.8511851671666801
1188,0.6576563028685289,1.0109780217338162,0.8742342792849106,0.8660824840460997,1.0309506263817243,0.8511851671666801
1189,0.6576563028685289,1.0109780217338162,0.8742342792849106,0.8660824840460997,1.0309506263817243,0.8511851671666801
1196,0.6576563028685289,1.0109780217338162,0.8742342792849106,0.8660824840460997,1.0309506263817243,0.8511851671666801
1197,0.6576563028685289,1.0109780217338162,0.8742342792849106,0.8660824840460997,1.0309506263817243,0.8511851671666801
1203,0.6576563028685289,1.0109780217338162,0.8742342792849106,0.8660824840460997,1.0309506263817243,0.8511851671666801
1205,0.6576563028685289,1.0109780217338162,0.8742342792849106,0.8660824840460997,1.0309506263817243,0.8511851671666801
1211,0.6576563028685289,1.0109780217338162,0.8742342792849106,0.8660824840460997,1.0309506263817243,0.8511851671666801
1219,0.6576563028685289,1.0109780217338162,0.8742342792849106,0.8660824840460997,1.0309506263817243,0.8511851671666801
1227,0.6576563028685289,1.0109780217338162,0.8742342792849106,0.8660824840460997,1.0309506263817243,0.8511851671666801
1233,0.6576563028685289,1.0109780217338162,0.8742342792849106,0.8660824840460997,1.0309506263817243,0.8511851671666801
1235,0.6576563028685289,1.0109780217338162,0.8742342792849106,0.8660824840460997,1.0309506263817243,0.8511851671666801
1241,0.6576563028685289,1.0109780217338162,0.8742342792849106,0.8660824840460997,1.0309506263817243,0.8511851671666801
1242,0.6576563028685289,1.0109780217338162,0.8742342792849106,0.8660824840460997,1.0309506263817243,0.8511851671666801
1249,0.6576563028685289,1.0109780217338162,0.8742342792849106,0.8660824840460997,1.0309506263817243,0.8511851671666801
1250,0.6576563028685289,1.0109780217338162,0.8742342792849106,0.8660824840460997,1.0309506263817243,0.8511851671666801
1257,0.6576563028685289,1.0109780217338162,0.8742342792849106,0.8660824840460997,1.0309506263817243,0.8511851671666801
1258,0.6576563028685289,1.0109780217338162,0.8742342792849106,0.8660824840460997,1.0309506263817243,0.8511851671666801
1264,0.6576563028685289,1.0109780217338162,0.8742342792849106,0.8660824840460997,1.0309506263817243,0.8511851671666801
1266,0.6576563028685289,1.0109780217338162,0.8742342792849106,0.8660824840460997,1.0309506263817243,0.8511851671666801
1272,0.6576563028685289,1.0109780217338162,0.8742342792849106,0.8660824840460997,1.0309506263817243,0.8511851671666801
1280,0.6576563028685289,1.0109780217338162,0.8742342792849106,0.8660824840460997,1.0309506263817243,0.8511851671666801
1288,0.6576563028685289,1.0109780217338162,0.8742342792849106,0.8660824840460997,1.0309506263817243,0.8511851671666801
1295,0.6576563028685289,1.0109780217338162,0.8742342792849106,0.8660824840460997,1.0309506263817243,0.8511851671666801
1296,0.6576563028685289,1.0109780217338162,0.8742342792849106,0.8660824840460997,1.0309506263817243,0.8511851671666801
1303,0.6576563028685289,1.0109780217338162,0.8742342792849106,0.8660824840460997,1.0309506263817243,0.8511851671666801
1311,0.6576563028685289,1.0109780217338162,0.8742342792849106,0.8660824840460997,1.0309506263817243,0.8511851671666801
1319,0.6576563028685289,1.0109780217338162,0.8742342792849106,0.8660824840460997,1.0309506263817243,0.8511851671666801
1327,0.6576563028685289,1.0109780217338162,0.8742342792849106,0.8660824840460997,1.0309506263817243,0.8511851671666801
1334,0.6576563028685289,1.0109780217338162,0.8742342792849106,0.8660824840460997,1.0309506263817243,0.8511851671666801
1342,0.6576563028685289,1.0109780217338162,0.8742342792849106,0.8660824840460997,1.0309506263817243,0.8511851671666801
1349,0.6576563028685289,1.0109780217338162,0.8742342792849106,0.8660824840460997,1.0309506263817243,0.8511851671666801
1350,0.6576563028685289,1.0109780217338162,0.8742342792849106,0.8660824840460997,1.0309506263817243,0.8511851671666801
1356,0.6576563028685289,1.0109780217338162,0.8742342792849106,0.8660824840460997,1.0309506263817243,0.8511851671666801
1358,0.6576563028685289,1.0109780217338162,0.8742342792849106,0.8660824840460997,1.0309506263817243,0.8511851671666801
1364,0.6576563028685289,1.0109780217338162,0.8742342792849106,0.8660824840460997,1.0309506263817243,0.8511851671666801
1372,0.6576563028685289,1.0109780217338162,0.8742342792849106,0.8660824840460997,1.0309506263817243,0.8511851671666801
1380,0.6576563028685289,1.0109780217338162,0.8742342792849106,0.8660824840460997,1.0309506263817243,0.8511851671666801
1386,0.6576563028685289,1.0109780217338162,0.8742342792849106,0.8660824840460997,1.0309506263817243,0.8511851671666801
1388,0.6576563028685289,1.0109780217338162,0.8742342792849106,0.8660824840460997,1.0309506263817243,0.8511851671666801
1394,0.6576563028685289,1.0109780217338162,0.8742342792849106,0.8660824840460997,1.0309506263817243,0.8511851671666801
1395,0.6576563028685289,1.0109780217338162,0.8742342792849106,0.8660824840460997,1.0309506263817243,0.8511851671666801
1402,0.6576563028685289,1.0109780217338162,0.8742342792849106,0.8660824840460997,1.0309506263817243,0.8511851671666801
1403,0.6576563028685289,1.0109780217338162,0.8742342792849106,0.8660824840460997,1.0309506263817243,0.8511851671666801
1410,0.6576563028685289,1.0109780217338162,0.8742342792849106,0.8660824840460997,1.0309506263817243,0.8511851671666801
1411,0.6576563028685289,1.0109780217338162,0.8742342792849106,0.8660824840460997,1.0309506263817243,0.8511851671666801
1416,0.6576563028685289,1.0109780217338162,0.8742342792849106,0.8660824840460997,1.0309506263817243,0.8511851671666801
1417,0.6576563028685289,1.0109780217338162,0.8742342792849106,0.8660824840460997,1.0309506263817243,0.8511851671666801
1419,0.6576563028685289,1.0109780217338162,0.8742342792849106,0.8660824840460997,1.0309506263817243,0.8511851671666801
1423,0.6576563028685289,1.0109780217338162,0.8742342792849106,0.8660824840460997,1.0309506263817243,0.8511851671666801
1425,0.6576563028685289,1.0109780217338162,0.8742342792849106,0.8660824840460997,1.0309506263817243,0.8511851671666801
1431,0.6576563028685289,1.0109780217338162,0.8742342792849106,0.8660824840460997,1.0309506263817243,0.8511851671666801
1433,0.6576563028685289,1.0109780217338162,0.8742342792849106,0.8660824840460997,1.0309506263817243,0.8511851671666801
1439,0.6576563028685289,1.0109780217338162,0.8742342792849106,0.8660824840460997,1.0309506263817243,0.8511851671666801
1441,0.6576563028685289,1.0109780217338162,0.8742342792849106,0.8660824840460997,1.0309506263817243,0.8511851671666801
1447,0.6576563028685289,1.0109780217338162,0.8742342792849106,0.8660824840460997,1.0309506263817243,0.8511851671666801
1448,0.6576563028685289,1.0109780217338162,0.8742342792849106,0.8660824840460997,1.0309506263817243,0.8511851671666801
1449,0.6576563028685289,1.0109780217338162,0.8742342792849106,0.8660824840460997,1.0309506263817243,0.8511851671666801
1454,0.6576563028685289,1.0109780217338162,0.8742342792849106,0.8660824840460997,1.0309506263817243,0.8511851671666801
1456,0.6576563028685289,1.0109780217338162,0.8742342792849106,0.8660824840460997,1.0309506263817243,0.8511851671666801
1462,0.6576563028685289,1.0109780217338162,0.8742342792849106,0.8660824840460997,1.0309506263817243,0.8511851671666801
1464,0.6576563028685289,1.0109780217338162,0.8742342792849106,0.8660824840460997,1.0309506263817243,0.8511851671666801
1470,0.6576563028685289,1.0109780217338162,0.8742342792849106,0.8660824840460997,1.0309506263817243,0.8511851671666801
1472,0.6576563028685289,1.0109780217338162,0.8742342792849106,0.8660824840460997,1.0309506263817243,0.8511851671666801
1476,0.6576563028685289,1.0109780217338162,0.8742342792849106,0.8660824840460997,1.0309506263817243,0.8511851671666801
1478,0.6576563028685289,1.0109780217338162,0.8742342792849106,0.8660824840460997,1.0309506263817243,0.8511851671666801
1480,0.6576563028685289,1.0109780217338162,0.8742342792849106,0.8660824840460997,1.0309506263817243,0.8511851671666801
1484,0.6576563028685289,1.0109780217338162,0.8742342792849106,0.8660824840460997,1.0309506263817243,0.8511851671666801
1487,0.6576563028685289,1.0109780217338162,0.8742342792849106,0.8660824840460997,1.0309506263817243,0.8511851671666801
1492,0.6576563028685289,1.0109780217338162,0.8742342792849106,0.8660824840460997,1.0309506263817243,0.8511851671666801
1495,0.6576563028685289,1.0109780217338162,0.8742342792849106,0.8660824840460997,1.0309506263817243,0.8511851671666801
1500,0.6576563028685289,1.0109780217338162,0.8742342792849106,0.8660824840460997,1.0309506263817243,0.8511851671666801
1503,0.6576563028685289,1.0109780217338162,0.8742342792849106,0.8660824840460997,1.0309506263817243,0.8511851671666801
1507,0.6576563028685289,1.0109780217338162,0.8742342792849106,0.8660824840460997,1.0309506263817243,0.8511851671666801
1508,0.6576563028685289,1.0109780217338162,0.8742342792849106,0.8660824840460997,1.0309506263817243,0.8511851671666801
1515,0.6576563028685289,1.0109780217338162,0.8742342792849106,0.8660824840460997,1.0309506263817243,0.8511851671666801
1523,0.6576563028685289,1.0109780217338162,0.8742342792849106,0.8660824840460997,1.0309506263817243,0.8511851671666801
1531,0.6576563028685289,1.0109780217338162,0.8742342792849106,0.8660824840460997,1.0309506263817243,0.8511851671666801
1537,0.6313395240422572,1.0109780217338162,0.8742342792849106,0.8660824840460997,1.0309506263817243,0.8511851671666801
1539,0.6050227452159855,1.0109780217338162,0.8742342792849106,0.8660824840460997,1.0309506263817243,0.8511851671666801
1545,0.6576563028685289,1.0109780217338162,0.8742342792849106,0.8660824840460997,1.0309506263817243,0.8511851671666801
1547,0.6576563028685289,1.0109780217338162,0.8742342792849106,0.8660824840460997,1.0309506263817243,0.8511851671666801
1553,0.6576563028685289,1.0109780217338162,0.8742342792849106,0.8660824840460997,1.0309506263817243,0.8511851671666801
1555,0.6576563028685289,1.0109780217338162,0.8742342792849106,0.8660824840460997,1.0309506263817243,0.8511851671666801
1561,0.6576563028685289,1.0109780217338162,0.8742342792849106,0.8660824840460997,1.0309506263817243,0.8511851671666801
1563,0.6576563028685289,1.0109780217338162,0.8742342792849106,0.8660824840460997,1.0309506263817243,0.8511851671666801
1568,0.6576563028685289,1.0109780217338162,0.8742342792849106,0.8660824840460997,1.0309506263817243,0.8511851671666801
1569,0.6576563028685289,1.0109780217338162,0.8742342792849106,0.8660824840460997,1.0309506263817243,0.8511851671666801
1571,0.6576563028685289,1.0109780217338162,0.8742342792849106,0.8660824840460997,1.0309506263817243,0.8511851671666801
1576,0.6576563028685289,1.0109780217338162,0.8742342792849106,0.8660824840460997,1.0309506263817243,0.8511851671666801
1577,0.6576563028685289,1.0109780217338162,0.8742342792849106,0.8660824840460997,1.0309506263817243,0.8511851671666801
1584,0.6576563028685289,1.0109780217338162,0.8742342792849106,0.8660824840460997,1.0309506263817243,0.8511851671666801
1585,0.6576563028685289,1.0109780217338162,0.8742342792849106,0.8660824840460997,1.0309506263817243,0.8511851671666801
1592,0.6576563028685289,1.0109780217338162,0.8742342792849106,0.8660824840460997,1.0309506263817243,0.8511851671666801
1593,0.6576563028685289,1.0109780217338162,0.8742342792849106,0.8660824840460997,1.0309506263817243,0.8511851671666801
1598,0.6576563028685289,1.0109780217338162,0.8742342792849106,0.8660824840460997,1.0309506263817243,0.8511851671666801
1600,0.6576563028685289,1.0109780217338162,0.8742342792849106,0.8660824840460997,1.0309506263817243,0.8511851671666801
1601,0.6576563028685289,1.0109780217338162,0.8742342792849106,0.8660824840460997,1.0309506263817243,0.8511851671666801
1606,0.6576563028685289,1.0109780217338162,0.8742342792849106,0.8660824840460997,1.0309506263817243,0.8511851671666801
1607,0.6576563028685289,1.0109780217338162,0.8742342792849106,0.8660824840460997,1.0309506263817243,0.8511851671666801
1608,0.6576563028685289,1.0109780217338162,0.8742342792849106,0.8660824840460997,1.0309506263817243,0.8511851671666801
1614,0.6576563028685289,1.0109780217338162,0.8742342792849106,0.8660824840460997,1.0309506263817243,0.8511851671666801
1615,0.6576563028685289,1.0109780217338162,0.8742342792849106,0.8660824840460997,1.0309506263817243,0.8511851671666801
1616,0.6576563028685289,1.0109780217338162,0.8742342792849106,0.8660824840460997,1.0309506263817243,0.8511851671666801
1622,0.6576563028685289,1.0109780217338162,0.8742342792849106,0.8660824840460997,1.0309506263817243,0.8511851671666801
1623,0.6576563028685289,1.0109780217338162,0.8742342792849106,0.8660824840460997,1.0309506263817243,0.8511851671666801
1624,0.6576563028685289,1.0109780217338162,0.8742342792849106,0.8660824840460997,1.0309506263817243,0.8511851671666801
1629,0.6576563028685289,1.0109780217338162,0.8742342792849106,0.8660824840460997,1.0309506263817243,0.8511851671666801
1631,0.6576563028685289,1.0109780217338162,0.8742342792849106,0.8660824840460997,1.0309506263817243,0.8511851671666801
1632,0.6576563028685289,1.0109780217338162,0.8742342792849106,0.8660824840460997,1.0309506263817243,0.8511851671666801
1635,0.6576563028685289,1.0109780217338162,0.8742342792849106,0.8660824840460997,1.0309506263817243,0.8511851671666801
1637,0.6576563028685289,1.0109780217338162,0.8742342792849106,0.8660824840460997,1.0309506263817243,0.8511851671666801
1638,0.6576563028685289,1.0109780217338162,0.8742342792849106,0.8660824840460997,1.0309506263817243,0.8511851671666801
1643,0.6576563028685289,1.0109780217338162,0.8742342792849106,0.8660824840460997,1.0309506263817243,0.8511851671666801
1645,0.6576563028685289,1.0109780217338162,0.8742342792849106,0.8660824840460997,1.0309506263817243,0.8511851671666801
1646,0.6576563028685289,1.0109780217338162,0.8742342792849106,0.8660824840460997,1.0309506263817243,0.8511851671666801
1651,0.6576563028685289,1.0109780217338162,0.8742342792849106,0.8660824840460997,1.0309506263817243,0.8511851671666801
1653,0.6576563028685289,1.0109780217338162,0.8742342792849106,0.8660824840460997,1.0309506263817243,0.8511851671666801
1654,0.6576563028685289,1.0109780217338162,0.8742342792849106,0.8660824840460997,1.0309506263817243,0.8511851671666801
1659,0.6576563028685289,1.0109780217338162,0.8742342792849106,0.8660824840460997,1.0309506263817243,0.8511851671666801
1660,0.6576563028685289,1.0109780217338162,0.8742342792849106,0.8660824840460997,1.0309506263817243,0.8511851671666801
1666,0.6576563028685289,1.0109780217338162,0.8742342792849106,0.8660824840460997,1.0309506263817243,0.8511851671666801
1668,0.6576563028685289,1.0109780217338162,0.8742342792849106,0.8660824840460997,1.0309506263817243,0.8511851671666801
1674,0.6576563028685289,1.0109780217338162,0.8742342792849106,0.8660824840460997,1.0309506263817243,0.8511851671666801
1676,0.6576563028685289,1.0109780217338162,0.8742342792849106,0.8660824840460997,1.0309506263817243,0.8511851671666801
1682,0.6576563028685289,1.0109780217338162,0.8742342792849106,0.8660824840460997,1.0309506263817243,0.8511851671666801
1684,0.6576563028685289,1.0109780217338162,0.8742342792849106,0.8660824840460997,1.0309506263817243,0.8511851671666801
1690,0.6576563028685289,1.0109780217338162,0.8742342792849106,0.8660824840460997,1.0309506263817243,0.8511851671666801
1696,0.6576563028685289,1.0109780217338162,0.8742342792849106,0.8660824840460997,1.0309506263817243,0.8511851671666801
1698,0.6247603293356894,1.0109780217338162,0.8742342792849106,0.8660824840460997,1.0309506263817243,0.8511851671666801
1704,0.5918643558028497,1.0109780217338162,0.8742342792849106,0.8660824840460997,1.0309506263817243,0.8511851671666801
1706,0.6247603293356894,1.0109780217338162,0.8742342792849106,0.8660824840460997,1.0309506263817243,0.8511851671666801
1712,0.6576563028685289,1.0109780217338162,0.8742342792849106,0.8660824840460997,1.0309506263817243,0.8511851671666801
1714,0.6576563028685289,1.0109780217338162,0.8742342792849106,0.8660824840460997,1.0309506263817243,0.8511851671666801
1720,0.6576563028685289,1.0109780217338162,0.8742342792849106,0.8660824840460997,1.0309506263817243,0.8511851671666801
1721,0.6576563028685289,1.0109780217338162,0.8742342792849106,0.8660824840460997,1.0309506263817243,0.8511851671666801
1727,0.6576563028685289,1.0109780217338162,0.8304788098512315,0.8660824840460997,1.0309506263817243,0.8511851671666801
1729,0.6576563028685289,1.0109780217338162,0.7867233404175522,0.8660824840460997,1.0309506263817243,0.8511851671666801
1735,0.6576563028685289,1.0109780217338162,0.7867233404175522,0.8660824840460997,1.0309506263817243,0.8511851671666801
1737,0.6247603293356894,1.0109780217338162,0.7867233404175522,0.8660824840460997,1.0309506263817243,0.8511851671666801
1743,0.5918643558028497,1.0109780217338162,0.7867233404175522,0.8660824840460997,1.0309506263817243,0.8511851671666801
1745,0.6247603293356894,1.0109780217338162,0.7867233404175522,0.8660824840460997,1.0309506263817243,0.8511851671666801
1751,0.6576563028685289,1.0109780217338162,0.7867233404175522,0.8660824840460997,1.0309506263817243,0.8511851671666801
1757,0.6576563028685289,1.0109780217338162,0.7867233404175522,0.8660824840460997,1.0309506263817243,0.8511851671666801
1759,0.6576563028685289,1.0109780217338162,0.7867233404175522,0.8660824840460997,1.0309506263817243,0.8511851671666801
1765,0.6576563028685289,1.0109780217338162,0.7867233404175522,0.8660824840460997,1.0309506263817243,0.8511851671666801
1767,0.6576563028685289,1.0109780217338162,0.7867233404175522,0.8660824840460997,1.0309506263817243,0.8511851671666801
1773,0.6576563028685289,1.0109780217338162,0.7867233404175522,0.8660824840460997,1.0309506263817243,0.8511851671666801
1775,0.6576563028685289,1.0109780217338162,0.7867233404175522,0.8660824840460997,1.0309506263817243,0.8511851671666801
1781,0.6576563028685289,1.0109780217338162,0.7867233404175522,0.8660824840460997,1.0309506263817243,0.8511851671666801
1782,0.6576563028685289,1.0109780217338162,0.7867233404175522,0.8660824840460997,1.0309506263817243,0.8511851671666801
1788,0.6576563028685289,1.0109780217338162,0.8304788098512315,0.8660824840460997,1.0309506263817243,0.8511851671666801
1790,0.6576563028685289,1.0109780217338162,0.8742342792849106,0.8660824840460997,1.0309506263817243,0.8511851671666801
1796,0.6576563028685289,1.0109780217338162,0.8742342792849106,0.8660824840460997,1.0309506263817243,0.8511851671666801
1798,0.6576563028685289,1.0109780217338162,0.8742342792849106,0.8660824840460997,1.0309506263817243,0.8511851671666801
1804,0.6576563028685289,1.0109780217338162,0.8742342792849106,0.8660824840460997,1.0309506263817243,0.8511851671666801
1806,0.6576563028685289,1.0109780217338162,0.8742342792849106,0.8660824840460997,1.0309506263817243,0.8511851671666801
1812,0.6576563028685289,1.0109780217338162,0.8742342792849106,0.8660824840460997,1.0309506263817243,0.8511851671666801
1813,0.6839730816948006,1.0109780217338162,0.8742342792849106,0.8660824840460997,1.0309506263817243,0.8511851671666801
1819,0.7102898605210722,1.0109780217338162,0.8742342792849106,0.8660824840460997,1.0309506263817243,0.8511851671666801
1821,0.7102898605210722,1.0109780217338162,0.8742342792849106,0.8660824840460997,1.0309506263817243,0.8511851671666801
1827,0.7102898605210722,1.0109780217338162,0.8742342792849106,0.8660824840460997,1.0309506263817243,0.8511851671666801
1829,0.7102898605210722,1.0109780217338162,0.8742342792849106,0.8660824840460997,1.0309506263817243,0.8511851671666801
1835,0.7102898605210722,1.0109780217338162,0.8742342792849106,0.8660824840460997,1.0309506263817243,0.8511851671666801
1837,0.7102898605210722,1.0109780217338162,0.8742342792849106,0.8660824840460997,1.0309506263817243,0.8511851671666801
1842,0.7102898605210722,1.0109780217338162,0.8742342792849106,0.8660824840460997,1.0309506263817243,0.8511851671666801
1843,0.7102898605210722,1.0109780217338162,0.8742342792849106,0.8660824840460997,1.0309506263817243,0.8511851671666801
1849,0.7102898605210722,1.0109780217338162,0.8742342792849106,0.8660824840460997,1.0309506263817243,0.8511851671666801
1850,0.7102898605210722,1.0109780217338162,0.8742342792849106,0.8660824840460997,1.0309506263817243,0.8511851671666801
1857,0.7102898605210722,1.0109780217338162,0.8742342792849106,0.8660824840460997,1.0309506263817243,0.8511851671666801
1858,0.7102898605210722,1.0109780217338162,0.8742342792849106,0.8660824840460997,1.0309506263817243,0.8511851671666801
1865,0.7102898605210722,1.0109780217338162,0.8742342792849106,0.8660824840460997,1.0309506263817243,0.8511851671666801
1866,0.7102898605210722,1.0109780217338162,0.8742342792849106,0.8660824840460997,1.0309506263817243,0.8511851671666801
1873,0.7102898605210722,1.0109780217338162,0.8742342792849106,0.8660824840460997,1.0309506263817243,0.8511851671666801
1880,0.7102898605210722,1.0109780217338162,0.8742342792849106,0.8660824840460997,1.0309506263817243,0.8511851671666801
1881,0.7102898605210722,1.0109780217338162,0.8742342792849106,0.8660824840460997,1.0309506263817243,0.8511851671666801
1888,0.7102898605210722,1.0109780217338162,0.8742342792849106,0.8660824840460997,1.0309506263817243,0.8511851671666801
1889,0.7102898605210722,1.0109780217338162,0.8742342792849106,0.8660824840460997,1.0309506263817243,0.8511851671666801
1896,0.7102898605210722,1.0109780217338162,0.8304788098512315,0.8660824840460997,1.0309506263817243,0.8511851671666801
1897,0.7102898605210722,1.0109780217338162,0.7867233404175522,0.8660824840460997,1.0309506263817243,0.8511851671666801
1903,0.7102898605210722,1.0109780217338162,0.7867233404175522,0.8660824840460997,1.0309506263817243,0.8511851671666801
1904,0.7102898605210722,1.0109780217338162,0.7867233404175522,0.8660824840460997,1.0309506263817243,0.8511851671666801
1910,0.7102898605210722,1.0109780217338162,0.7867233404175522,0.8660824840460997,1.0309506263817243,0.8511851671666801
1911,0.7102898605210722,1.0109780217338162,0.7867233404175522,0.8660824840460997,1.0309506263817243,0.8511851671666801
1919,0.7102898605210722,1.0109780217338162,0.7867233404175522,0.8660824840460997,1.0309506263817243,0.8511851671666801
1927,0.7102898605210722,1.0109780217338162,0.7867233404175522,0.8660824840460997,1.0309506263817243,0.8511851671666801
1934,0.7102898605210722,1.0109780217338162,0.7867233404175522,0.8660824840460997,1.0309506263817243,0.8511851671666801
1941,0.7102898605210722,1.0109780217338162,0.7867233404175522,0.8660824840460997,1.0309506263817243,0.8511851671666801
1942,0.7102898605210722,1.0109780217338162,0.7867233404175522,0.8660824840460997,1.0309506263817243,0.8511851671666801
1949,0.7102898605210722,1.0109780217338162,0.7867233404175522,0.8660824840460997,1.0309506263817243,0.8511851671666801
1950,0.7102898605210722,1.0109780217338162,0.7867233404175522,0.8660824840460997,1.0309506263817243,0.8511851671666801
1957,0.7102898605210722,1.0109780217338162,0.7867233404175522,0.8660824840460997,1.0309506263817243,0.8511851671666801
1958,0.7102898605210722,1.0109780217338162,0.7867233404175522,0.8660824840460997,1.0309506263817243,0.8511851671666801
1964,0.7102898605210722,1.0109780217338162,0.7867233404175522,0.8660824840460997,1.0309506263817243,0.8511851671666801
1965,0.7102898605210722,1.0109780217338162,0.7867233404175522,0.8660824840460997,1.0309506263817243,0.8511851671666801
1972,0.7102898605210722,1.0109780217338162,0.7867233404175522,0.8660824840460997,1.0309506263817243,0.8511851671666801
1980,0.7102898605210722,1.0109780217338162,0.7867233404175522,0.8660824840460997,1.0309506263817243,0.8511851671666801
1988,0.7102898605210722,1.0109780217338162,0.7867233404175522,0.8660824840460997,1.0309506263817243,0.8511851671666801
1996,0.7102898605210722,1.0109780217338162,0.7867233404175522,0.8660824840460997,1.0309506263817243,0.8511851671666801
2000,0.7102898605210722,1.0109780217338162,0.7867233404175522,0.8660824840460997,1.0309506263817243,0.8511851671666801
2008,0.7102898605210722,1.0109780217338162,0.7867233404175522,0.8660824840460997,1.0309506263817243,0.8511851671666801
2016,0.7102898605210722,1.0109780217338162,0.7867233404175522,0.8660824840460997,1.0309506263817243,0.8511851671666801
2024,0.7102898605210722,1.0109780217338162,0.7867233404175522,0.8660824840460997,1.0309506263817243,0.8511851671666801
2031,0.7102898605210722,1.0109780217338162,0.7867233404175522,0.8660824840460997,1.0309506263817243,0.8511851671666801
2039,0.7102898605210722,1.0109780217338162,0.7867233404175522,0.8660824840460997,1.0309506263817243,0.8511851671666801
2047,0.7102898605210722,1.0109780217338162,0.7867233404175522,0.8660824840460997,1.0309506263817243,0.8511851671666801
2055,0.7102898605210722,1.0109780217338162,0.7867233404175522,0.8660824840460997,1.0309506263817243,0.8511851671666801
2069,0.7102898605210722,1.0109780217338162,0.7867233404175522,0.8660824840460997,1.0309506263817243,0.8511851671666801
2077,0.7102898605210722,1.0109780217338162,0.7867233404175522,0.8660824840460997,1.0309506263817243,0.8511851671666801
2085,0.7102898605210722,1.0109780217338162,0.7867233404175522,0.8660824840460997,1.0309506263817243,0.8511851671666801
2092,0.7102898605210722,1.0109780217338162,0.7867233404175522,0.8660824840460997,1.0309506263817243,0.8511851671666801
2100,0.7102898605210722,1.0109780217338162,0.7867233404175522,0.8660824840460997,1.0309506263817243,0.8511851671666801
2108,0.7102898605210722,1.0109780217338162,0.7867233404175522,0.8660824840460997,1.0309506263817243,0.8511851671666801
2116,0.7102898605210722,1.0109780217338162,0.7867233404175522,0.8660824840460997,1.0309506263817243,0.8511851671666801
2122,0.7102898605210722,1.0109780217338162,0.7867233404175522,0.8660824840460997,1.0309506263817243,0.8511851671666801
2130,0.7102898605210722,1.0109780217338162,0.7867233404175522,0.8660824840460997,1.0309506263817243,0.8511851671666801
2138,0.7102898605210722,1.0109780217338162,0.7867233404175522,0.8660824840460997,1.0309506263817243,0.8511851671666801
2146,0.7102898605210722,1.0109780217338162,0.7867233404175522,0.8660824840460997,1.0309506263817243,0.8511851671666801
2153,0.7102898605210722,1.0109780217338162,0.7867233404175522,0.8660824840460997,1.0309506263817243,0.8511851671666801
2161,0.7102898605210722,1.0109780217338162,0.7867233404175522,0.8660824840460997,1.0309506263817243,0.8511851671666801
2169,0.7102898605210722,1.0109780217338162,0.7867233404175522,0.8660824840460997,1.0309506263817243,0.8511851671666801
2177,0.7102898605210722,1.0109780217338162,0.7867233404175522,0.8660824840460997,1.0309506263817243,0.8511851671666801
2184,0.7102898605210722,1.0109780217338162,0.7867233404175522,0.8660824840460997,1.0309506263817243,0.8511851671666801
2192,0.7102898605210722,1.0109780217338162,0.7867233404175522,0.8660824840460997,1.0309506263817243,0.8511851671666801
2200,0.7102898605210722,1.0109780217338162,0.7867233404175522,0.8660824840460997,1.0309506263817243,0.8511851671666801
2208,0.7102898605210722,1.0109780217338162,0.7867233404175522,0.8660824840460997,1.0309506263817243,0.8511851671666801
2238,0.7102898605210722,1.0109780217338162,0.7867233404175522,0.8660824840460997,1.0309506263817243,0.8511851671666801
2245,0.7102898605210722,1.0109780217338162,0.7867233404175522,0.8660824840460997,1.0309506263817243,0.8511851671666801
2253,0.6576563028685289,1.0109780217338162,0.7867233404175522,0.8660824840460997,1.0309506263817243,0.8511851671666801
2261,0.6576563028685289,1.0109780217338162,0.7867233404175522,0.8660824840460997,1.0309506263817243,0.8511851671666801
2269,0.6576563028685289,1.0109780217338162,0.7867233404175522,0.8660824840460997,1.0309506263817243,0.8511851671666801
2275,0.6576563028685289,1.0109780217338162,0.7867233404175522,0.8660824840460997,1.0309506263817243,0.8511851671666801
2283,0.6050227452159855,1.0109780217338162,0.7867233404175522,0.8660824840460997,1.0309506263817243,0.8511851671666801
2291,0.6576563028685289,1.0109780217338162,0.7867233404175522,0.8660824840460997,1.0309506263817243,0.8511851671666801
2299,0.6576563028685289,1.0109780217338162,0.7867233404175522,0.8660824840460997,1.0309506263817243,0.8511851671666801
2306,0.6576563028685289,1.0109780217338162,0.7867233404175522,0.8660824840460997,1.0309506263817243,0.8511851671666801
2314,0.6576563028685289,1.0109780217338162,0.7867233404175522,0.8660824840460997,1.0309506263817243,0.8511851671666801
2322,0.6576563028685289,1.0109780217338162,0.7867233404175522,0.8660824840460997,1.0309506263817243,0.8511851671666801
2330,0.6576563028685289,1.0109780217338162,0.7867233404175522,0.8660824840460997,1.0309506263817243,0.8511851671666801
2337,0.6576563028685289,1.0109780217338162,0.7867233404175522,0.8660824840460997,1.0309506263817243,0.8511851671666801
2345,0.6576563028685289,1.0109780217338162,0.7867233404175522,0.8660824840460997,1.0309506263817243,0.8511851671666801
2353,0.6576563028685289,1.0109780217338162,0.7867233404175522,0.8660824840460997,1.0309506263817243,0.8511851671666801
2361,0.6576563028685289,1.0109780217338162,0.7867233404175522,0.8660824840460997,1.0309506263817243,0.8511851671666801
2365,0.6576563028685289,1.0109780217338162,0.7867233404175522,0.8660824840460997,1.0309506263817243,0.8511851671666801
2373,0.6576563028685289,1.0109780217338162,0.7867233404175522,0.8660824840460997,1.0309506263817243,0.8511851671666801
2381,0.6576563028685289,1.0109780217338162,0.7867233404175522,0.8660824840460997,1.0309506263817243,0.8511851671666801
2389,0.6576563028685289,1.0109780217338162,0.7867233404175522,0.8660824840460997,1.0309506263817243,0.8511851671666801
2396,0.5787059663897139,1.0109780217338162,0.7867233404175522,0.8660824840460997,1.0309506263817243,0.8511851671666801
2412,0.6576563028685289,1.0109780217338162,0.7867233404175522,0.8660824840460997,1.0309506263817243,0.8511851671666801
2420,0.6576563028685289,1.0109780217338162,0.7867233404175522,0.8660824840460997,1.0309506263817243,0.8511851671666801
2426,0.6576563028685289,1.0109780217338162,0.7867233404175522,0.8660824840460997,1.0309506263817243,0.8511851671666801
2434,0.6576563028685289,1.0109780217338162,0.7867233404175522,0.8660824840460997,1.0309506263817243,0.8511851671666801
2442,0.6576563028685289,1.0109780217338162,0.7867233404175522,0.8660824840460997,1.0309506263817243,0.8511851671666801
2450,0.6576563028685289,1.0109780217338162,0.7867233404175522,0.8660824840460997,1.0309506263817243,0.8511851671666801
2457,0.6576563028685289,1.0109780217338162,0.7867233404175522,0.8660824840460997,1.0309506263817243,0.8511851671666801
2465,0.6576563028685289,1.0109780217338162,0.7867233404175522,0.8660824840460997,1.0309506263817243,0.8511851671666801
2473,0.6576563028685289,1.0109780217338162,0.7867233404175522,0.8660824840460997,1.0309506263817243,0.8511851671666801
2481,0.6576563028685289,1.0109780217338162,0.7867233404175522,0.8660824840460997,1.0309506263817243,0.8511851671666801
2487,0.6576563028685289,1.0109780217338162,0.7867233404175522,0.8660824840460997,1.0309506263817243,0.8511851671666801
2495,0.6576563028685289,1.0109780217338162,0.7867233404175522,0.8660824840460997,1.0309506263817243,0.8511851671666801
2503,0.6576563028685289,1.0109780217338162,0.7867233404175522,0.8660824840460997,1.0309506263817243,0.8511851671666801
2511,0.7102898605210722,1.0109780217338162,0.7867233404175522,0.8660824840460997,1.0309506263817243,0.8511851671666801
2518,0.7102898605210722,1.0109780217338162,0.7867233404175522,0.8660824840460997,1.0309506263817243,0.8511851671666801
2526,0.7102898605210722,1.0109780217338162,0.7867233404175522,0.8660824840460997,1.0309506263817243,0.8511851671666801
2534,0.7102898605210722,1.0109780217338162,0.7867233404175522,0.8660824840460997,1.0309506263817243,0.8511851671666801
2542,0.7102898605210722,1.0109780217338162,0.7867233404175522,0.8660824840460997,1.0309506263817243,0.8511851671666801
2549,0.7102898605210722,1.0109780217338162,0.7867233404175522,0.8660824840460997,1.0309506263817243,0.8511851671666801
2557,0.6576563028685289,1.0109780217338162,0.7867233404175522,0.8660824840460997,1.0309506263817243,0.8511851671666801
2565,0.6576563028685289,1.0109780217338162,0.7867233404175522,0.8660824840460997,1.0309506263817243,0.8511851671666801
2573,0.6576563028685289,1.0109780217338162,0.7867233404175522,0.8660824840460997,1.0309506263817243,0.8511851671666801
2579,0.7102898605210722,1.0109780217338162,0.7867233404175522,0.8660824840460997,1.0309506263817243,0.8511851671666801
2587,0.7102898605210722,1.0109780217338162,0.7867233404175522,0.8660824840460997,1.0309506263817243,0.8511851671666801
2595,0.7102898605210722,1.0109780217338162,0.7867233404175522,0.8660824840460997,1.0309506263817243,0.8511851671666801
2603,0.7102898605210722,1.0109780217338162,0.7867233404175522,0.8660824840460997,1.0309506263817243,0.8511851671666801
2610,0.7102898605210722,1.0109780217338162,0.7867233404175522,0.8660824840460997,1.0309506263817243,0.8511851671666801
2618,0.7102898605210722,1.0109780217338162,0.7867233404175522,0.8660824840460997,1.0309506263817243,0.8511851671666801
2626,0.7102898605210722,1.0109780217338162,0.7867233404175522,0.8660824840460997,1.0309506263817243,0.8511851671666801
2634,0.7102898605210722,1.0109780217338162,0.7867233404175522,0.8660824840460997,1.0309506263817243,0.8511851671666801
2640,0.7102898605210722,1.0109780217338162,0.7867233404175522,0.8660824840460997,1.0309506263817243,0.8511851671666801
2648,0.7102898605210722,1.0109780217338162,0.7867233404175522,0.8660824840460997,1.0309506263817243,0.8511851671666801
2656,0.7102898605210722,1.0109780217338162,0.7867233404175522,0.8660824840460997,1.0309506263817243,0.8511851671666801
2664,0.6050227452159855,1.0109780217338162,0.7867233404175522,0.8660824840460997,1.0309506263817243,0.8511851671666801
2671,0.6050227452159855,1.0109780217338162,0.7867233404175522,0.8660824840460997,1.0309506263817243,0.8511851671666801
2679,0.6050227452159855,1.0109780217338162,0.7867233404175522,0.8660824840460997,1.0309506263817243,0.8511851671666801
2687,0.6050227452159855,1.0109780217338162,0.7867233404175522,0.8660824840460997,1.0309506263817243,0.8511851671666801
2695,0.6050227452159855,1.0109780217338162,0.7867233404175522,0.8660824840460997,1.0309506263817243,0.8511851671666801
2702,0.6050227452159855,1.0109780217338162,0.7867233404175522,0.8660824840460997,1.0309506263817243,0.8511851671666801
2710,0.6050227452159855,1.0109780217338162,0.7867233404175522,0.8660824840460997,1.0309506263817243,0.8511851671666801
2718,0.6050227452159855,1.0109780217338162,0.7867233404175522,0.8660824840460997,1.0309506263817243,0.8511851671666801
2762,0.6050227452159855,1.0109780217338162,0.7867233404175522,0.8660824840460997,1.0309506263817243,0.8511851671666801
2770,0.6050227452159855,1.0109780217338162,0.7867233404175522,0.8660824840460997,1.0309506263817243,0.8511851671666801
2778,0.6050227452159855,1.0109780217338162,0.7867233404175522,0.8660824840460997,1.0309506263817243,0.8511851671666801
2786,0.6050227452159855,1.0109780217338162,0.7867233404175522,0.8660824840460997,1.0309506263817243,0.8511851671666801
2792,0.6050227452159855,1.0109780217338162,0.7867233404175522,0.8660824840460997,1.0309506263817243,0.8511851671666801
2800,0.6050227452159855,1.0109780217338162,0.7867233404175522,0.8660824840460997,1.0309506263817243,0.8511851671666801
2808,0.6050227452159855,1.0109780217338162,0.7867233404175522,0.8660824840460997,1.0309506263817243,0.8511851671666801
2816,0.6050227452159855,1.0109780217338162,0.7867233404175522,0.8660824840460997,1.0309506263817243,0.8511851671666801
2823,0.6050227452159855,1.0109780217338162,0.7867233404175522,0.8660824840460997,1.0309506263817243,0.8511851671666801
2831,0.6050227452159855,1.0109780217338162,0.7867233404175522,0.8660824840460997,1.0309506263817243,0.8511851671666801
2839,0.6050227452159855,1.0109780217338162,0.7867233404175522,0.8660824840460997,1.0309506263817243,0.8511851671666801
2847,0.6050227452159855,1.0109780217338162,0.7867233404175522,0.8660824840460997,1.0309506263817243,0.8511851671666801
2853,0.6050227452159855,1.0109780217338162,0.7867233404175522,0.8660824840460997,1.0309506263817243,0.8511851671666801
2861,0.6050227452159855,1.0109780217338162,0.7867233404175522,0.8660824840460997,1.0309506263817243,0.8511851671666801
